stem,stem_translit
pad,PWN
nām,ŠM
ī,Y
yaz,yẕ
abar,QDM
āmad,YATWNtn
šāh,šh
wahrām,wʾhlʾm
warz,wlc
kay,AYMT
bawād,YHWWNʾt
ka,AMT
payg,pdk
ē,I
āy,YATW
az,MN
hindūgān,hndwkʾn
mad,mt
ān,ZK
dūdag,dwt
kay,kd
pīl,pyl
ast,AYT
hazār,1000
sar,sl
ast,AYT'
ārāst,ʾlʾs
drafš,dlpš
dār,dʾ
ēwēn,ʾdwyn
husraw,hwslwḇ
pēš,pyš
laškar,lškl
bar,YḆLWN
spāh,sp̄ʾh
sālār,srdʾl
mard,GBRA
payg,BSYL
abāy,ʾp̄
kardan,krtn
zīrak,zylk'
targumān,tlgmʾn
šaw,OZLW
be,BRA
gōw,YMLLW
amā,LNE
čē,ME
dīd,dyt
dašt,dšt
tāzīg,tʾcyk
ēk,ʾywk
grōh,glwh
dēn,dyn'
nizār,nzʾl
kard,krt'
ud,W
ōzad,Y̱KTWNt
šāh,MLK
šāh,MLKA
kē,MN
ēr,ʾyl
ōyšān,OLEšʾn
čiyōn,cygwn
dēwān,ŠDYAʾ
dār,YHSNN
sag,KLBA
xwar,OŠTEN
nān,LHMA
stad hēnd,YNSḆWNt HWEd
pādixšāy,pʾthšʾ
nē,LA
hunar,hwnl
mard,mlt
bē,BRA
afsōs,ʾp̄sws
riyahrīh,ldʾhlyh
gīr,OHDWN
stahm,sthmb'
mardōm,ANŠWTA
zan,NYŠE
xwāstag,hwʾstk
šīr,šyly
bāγ,bʾg
bōy,bwd
gazīdag,gzytk
nihād hēnd,HNHTWNt HWEd
baxt hēnd,HLKWNt HWEd
abāz,LAWHL
asarīg,ʾslyk
xwāst hēnd,BOYHWNst HWEd
sāg,sʾḵ
garān,glʾn
niger,nkyl
čand,cnd
wad,SLYA
abgand,LMYTWNt
druz,dlwc
ēn,ẔNE
gēhān,gyhʾn
nēst,LOYT
wattar,SLYtl
ōy,OLE
andar,wwt'
dūdag,dwtk
āwarēm,YHYTYWNym
kēn,kyn'
rōdstahm,lwtsthm
āwurd,YHYTYWNt
ē,1
sad,100
kēn,kyn
syāwaxš,sydʾwhš
mazgit,mzgt
frōd,plwt
hilēm,ŠḆKWNym
nišānēm,nšʾnym
ātaxš,ʾthš
uzdēszār,ʾwzdys͟ncʾl
kanēm,HP̱LWNym
pāk,pʾk
kunēm,OḆYDWNym
tā,OD
wany,HWBDN'
šaw,OZLWN
wišūd,wšwtk
frazaft,plcpt
drōd,ŠRM
šādīh,šʾtyh
handarz,hndlc
anōšag,ʾnwšk
ruwān,lwbʾn
ādurbād,ʾtwrpʾt
māraspand,mʾrspnd
paydāg,pytʾk
kū,AYK
rāy,lʾd
frazand,prznd
tan,tn
zād,zʾt
būd,YHWWNt
pas,AHL
abēstān,ʾp̄stʾn
ō,OL
kard,krt
dagr,dgl
ēg,ADYN'
drust,drwst'
xēm,hym
zardušt,zltwšt
spitāmān,spytʾmʾn
nihād,HNHTWNt
guft,gwpt
āxēz,KYMWN
pus,BRE
man,L
frahang,plʾhng
hammōzēm,hmwcm
kirbag,krpk
handēš,hndyš
bāš,YHWWNš
ma,AL
wināh,wnʾs
mardōm,mltwm
ǰāwēd,yʾwyt
zamān,ẕmʾn
zīndag,zywndk
tis,MNDOM
ān ī,ZK Y
mēnōg,mynwḵ
abāy,ʾp̄ʾ
uzīd,ʾwcyt
frāmōš,plʾmwš
kun,OḆYDWNt͟y
mad ēstēd,mt YKOYMWNyt
tēmār,tymʾl
bēš,byš
bar,YḆLWNt͟y
xwadāy,hwtʾy
wastār,wstʾl
wistāx,wstʾhw
har čē,KRA ME
tō,LK
nēk,nywk
iz,c
any kas,AHRN AYŠ
andar,ḆYN
dōst,dwst
xwēš,NPŠE
tan,tn'
bowandagīh,bwndkyh
kas,AYŠ
abespār,ʾp̄spʾl
har kē,KRA MNW
abāg,LWTE
xēšm,ʾyšm
raw,SGYTW
ēg,ADN
iš,š
az,hc
dūr,dwl
bāstān,bʾstʾn'
har gāh,KRA gʾs
ummēd,ʾwmyt
yazad,yẕd
gīr,OHDWNt͟y
sūd,swt
hād,HWEʾt
amahraspand,ʾmhrspnd
tuxš,twhš
gyān,yʾn
rāz,lʾc
ašnawē,ʾšnwydy
niyōš,ndwš
halag,hlk
gōw,YMRRWN
ǰud az,ywdt MN
hil,ŠḆKWN
t,t
rasād,YHMTWNʾt
bawē,YHWWNydy
pašēmān,pšymʾn
gāh,gʾs
xand,GHBHWN
spaxr,spʾhl
wiyufsišn,lwdwwpsʾn
paymān,ptmʾn
ēč kas,ʾyc AYŠ
āgāh,ʾkʾs
ham,hm
rāh,lʾs
halag,hlgc
uskār,ʾwskʾ
was,KBD
xwar,hw
mastōg,mstwk
wad,wt
gōhr,gwhl
tōhm,twhm
abām,ʾp̄ʾm
stān,YNSḆWNt͟y
dah,YHBWN
waxš,whš
dād,YHBWNtn
dar,BBA
ēst,YKOYMW
hamēšag,hmyšk
paygām,pgtʾm
bar,bl
u,AP
zyān,zydʾn
baw,YHWW
čašm,cšm
ayār,hdybʾl
arēšk,ʾlšky
nimāy,nmʾd
wizīr,wcyl
drō,KDBA
āwāš,HTYMWN
spazg,syzg
drōz,dlw
saxwan,MRYA
ašnaw,OŠMEN
pādifrāh,pʾtplʾs
kardan,krtn'
waran,wln'
xwar,hwln
pahikār,ptkʾl
zan,MHYTWN
kōxš,kwhš
āzād,ʾcʾt
čihr,cyh
kār,kʾl
zīrak,zylk
purs,pwr
nibard,nplt
bār,bʾl
abēr,ʾp̄yl
tars,tls
pādixšā,pʾthšʾ
dibīr,dpywr
hamēmāl,hmymʾl
gōw,gw
xwad,BNPŠE
kun,OḆYDWN
dān,dʾn
grāmīg,glʾmyk
purs,pwrs
iz,yc
kē,MNW
šarm,šlm
iz tis,yc MNDOM
graw,glwb'
nih,HNHTWN
rāst,lʾst
sōgand,swknd
kadag,ktk
kām,kʾ
nazdist,nzdst
uzēnag,ʾwcynk
mayān,mdyʾn
xwāh,BOYHWN
agar,HT
naxust,nhwst
āb,MYA
raz,lz
zamīg,ẕmyk
wēš,wyš
xrīn,ZḆNNt͟y
dah,d
ēg,ADYN
bun,bwn
tuwān,twbʾn
āzār,ʾcʾl
raw,SGYTWN
rād,lʾt
frēft,plypt
dard,dlt
pēšōbāy,pyšwpʾḏ
gramīg,glʾmyk
u,AP̠
š,š
meh,ms
padīr,MKBLWN
bē ǰud az,BRA ywdt MN
xwēš,hwyš
šarm,šlmk
zanīh,NYŠEyh
ōwōn,ʾwgwn
homānāg,hwmʾnʾk
abgand ēstēd,LMYTWNt YKOYMWNyt
xwār,hwʾl
gōnag,gwnk
āškār,ʾškʾ
pad ǰud az,PWN ywdt MN
handēš,hndy
saxwan,shwn
gōw,YMRRW
bē pad,BRA PWN
enyā,ʾynyʾ
frazānag,plcʾnk
drust,drwdst
kūč,γwc
škōh,škwh
dāmād,dʾmʾt
ēg,ʾynyʾ
ras,YHMTW
meh,msʾt
anāmurzīd,ʾnʾmwlcyt
abarmān,ʾp̄lmʾn
zēndān,zyndʾn
wizīd,wcy
wuzurg,wcwlg
ošyār,ʾwšdʾl
band,bnd
aburnāy,ʾp̄lnʾ
dibīr,dpyr
rōšn,lwšn
tēz,tyc
gōw,YMLLWN
guft,gwptn
weh,ŠPYL
pād,NTLWNtn
zad,z
awestwār,ʾwstwbʾl
wābar,wʾp̄l
it,t
ēwēn,ʾdwyn'
čarb,clp
gōw,YMRRW[N]
mēn,my
frāraōn,plʾlwn
stāy,stʾḏ
frārōn,plʾlwn
kun,kw
dād,dʾt
saxwan,shwn'
duzd,dwct
stō,stwb'
bīm,bym
dušox,dwšhw
nigēr,nky
har kas,KRA AYŠ
har tis,KRA MNDOM
framān,plmʾn
bahr,bʾhl
spās,spʾs
dār,dʾl
arzān,ʾlcʾn
ēr,ʾl
was,ws
husraw,hwslwb'
zīw,zy
ahlaw,ʾhlwb'
pursīd,pwrsyt
wahišt,whšt
garōdmān,glwtmʾn
frēb,plyp
xwurd,hwl
šnōhr,šnwhl
dār,YHSN
xēšm,hšm
tabāh,tpʾh
niyāz,ʾc
namāz,nmʾc
burd,YḆLWNtn
pušt,pwšt
šken,TBLW
pursīd,pwrsytn
dahān,PWME
gand,gn
fradom,pltwm
čihr,cyhl
hanǰaman,hncmn
nišīnē,YTYBWNydy
nazdīk ī,nzdyk Y
nišīn,YTYBWN
sūr,swl
har,KRA
gyāg,gywʾk
azabar,hcpl
āhanǰ,ʾhncyn
nišān,YTYBWNʾn
xīr,CBW
gētīg,gytyӯ
murw,mwlw
ē,HD
draxt,dlht
nišīn,YTYBW
ēč,ʾyc
pāy,NTLW
pid,AB'
mād,AM
tarsagāh,tlskʾs
niyōxšīd,ndwhšyt
burd,bwlt
šagr,šgl
wēšag,wyšk
iz kas,yc AYŠ
tars,tl
zan,zn
wēwag,wypk
stān,YNSḆWN
duxt,BRTE
pad,pt
abgan,LMYTWN
ǰōrdā,ywltʾk
xwāhē,BOYHWNydy
nām,nʾm
tund,tnd
ōft,ʾwp
hamāg,hmʾk
murw,mwlw'
māhīg,mʾhyk
sōz,sw
xrafstar,hlpstl
āzard,ʾclt
hušnūd,hwšnwt
dawāl,dwbʾl
dārād,YHSNNʾt
u,AP̱
dōšāram,dwšʾlm
nang,nng
dō,2
ēwēnag,ʾdwynk
hanǰaman,hncmn'
drōz,dlwc
asān,ʾsʾn
pāy,LGLE
šab,LYLYA
āxēz,ʾhyc
rawāg,lwbʾk
men,mn
kahwan,khwbn
nōg,nwk
mār,mʾl
syā,sydʾ
sāl,ŠN
frāmōš,plʾmw
may,HS
har čand,KRA cnd
šahryār,štr'ydʾl
saz,sc
šāy,š
āfrīn,ʾp̄ryn'
dil,LBBME
rām,lʾ
abzāy,ʾp̄zʾ
windē,HŠKHWNydy
dahibed,dhywpt
nifrīn,nplyn'
šahr,štr'
pās,pʾs
h,HWE
handāz,hndʾcyn
gōwēm,YMRRWm
ǰah,yh
xrad,hlt
pargast,plkst
ayāb,ʾywp
čahār,chʾl
pāy,pʾd
mīr,YMYTW
mān,KTLW
āstawānīh,ʾstpʾnyh
hunsand,hwnsnd
mahist,mhyst
wuzurg,LBAy
ayād,ʾḇyḏʾt
hil,ŠḆKWNt͟y
dast,YDE
duzd,dwcd
axwēš,ʾhwyškʾlyh
raft,SGYTWNtn
men,my
abārōn,ʾp̄ʾlwn
abāz,ʾp̄ʾc
kun,OḆYDW
pādāšn,pʾtdʾyšn
wind,HŠKHW
padifrāh,pʾtplʾs
barēd,YḆLWNt͟y
čāh,cʾh
kan,HP̱LW
āsāy,ʾs
andōh,ʾndwhh
ǰuwān,ywḇʾn
apaymān,ʾp̄tmʾn
xwar,OŠTE
afsōn,ʾp̄swn
weh,wyh
dānē,YDOYTWNydy
zūd zūd,zwt zwt
gazād,gzʾt
abar gyāg,QDM gywʾk
mīrē,mylyt
āšnāg,ʾšnʾk
stahmag,sthmk
barād,YḆLWNʾt
pad gyāg,PWN gywʾk
mīrē,YMYTWNydy
mihr,mtr'
xwarrah,GDE
pas,ps
awiš,ʾwbš
appar,YHNCLWN
āmēz,ʾmyc
wany,HWBDN
apaydāg,ʾp̄ytʾk
āfrīd,ʾp̄lyt'
šād,šʾt
xīk,ZYŠ
purr,pwl
wād,wʾt
ānōh,TME
mān,mʾ
šīr,šyl
xwār,hwʾ
xōg,hwk
ēst,YKOYMWN
ohrmazd,ʾwhrmẕd
rōz,YWM
huram,hwlm
wahman,whwmn
wistar,wst
ǰāmag,yʾmk
paymōz,ptmwc
ardwahišt,ʾrtwhšt
mān,mʾn
šahrewar,štrywl
spandarmad,sp̄ndrmt
hordād,hwrdt
ǰōy,ywd
kan,HP̱LWN
amurdād,ʾmwrdt
nišān,nšʾn
day,ddw
ādur,ʾtwr
šōy,šwy
mōy,mwd
nāxun,nʾhwn
wirāy,wylʾd
paz,AP̄PWN
ābān,ʾp̄ʾn
pāhrēz,pʾhlyc
xwar,hwl
kōdak,kwtk
dibīr,dpyrs
māh,mʾh
wiyufsišn,wywpsšn'
āyaft,ʾdypt
tīr,tyl
tigr,tgl
wist,ŠDYTWNtn
aswār,ʾswbʾl
hammōxt,hmwhtn
frēst,plyst
gōš,gwš
parwar,plw
gōšurō,gwšʾwlwk
gāw,TWRA
hammōz,hmwc
angūr,ʾngwl
abāz ō,LAWHL OL
karxōš,klhwš
must,mwst
dād,dʾtw
garz,gl
srōš,slwš
bōxt,bwht
ahlā,ʾhlyӯ
rašn,lšn
rōz,lwc
sabuk,spwk
kāmē,YCBENydy
frawardīn,plwltyn'
yaz,y
frawahr,plwʾhl
ahlaw,ʾhlwb
baw,YHWWN
xān,hʾn
zūd,zwt
frazām,plcʾm
razm,lcm
kārezār,kʾlycʾl
pērōzīh,pylwcyh
āyē,YATWNydy
rām,lʾm
bōxt,bwh
drang,dlncšn
paywand,ptwnd
day,ddw'
xānag,hʾnk
āwar,YHYTYWN
pōš,pwš
ōzan,Y̱KTLWN
ard,ʾlt
xrīn,ZḆNN'
aštād,ʾštʾt
asp,SWSYA
stōr,stwl
gušn,gwšn
drust,drwst
asmān,ʾsymʾn
zāmyād,zmyʾt
dārūg,dʾlwk
abzāy,ʾp̄zʾd
dōz,HTTWN
niger,nḵl
zāy,Y̠LYDW
anagrān,ʾnglʾn
frazand,prẕnd
nāmčišt,ŠMcšt
anāg,ʾnʾk
abrāz,ʾp̄lʾc
šēb,šyp
xward,OŠTENtn
waran,wln
čahār,4
pādyāwand,pʾtydʾwnd
nimūd,nmwtn
abar,ʾp̄l
hangad,hngt
rahīg,lsyk
aburnāy,ʾp̄lnʾd
pīr,pyl
bowandag,bwndk
xūb,hwp
ēwāz,ʾywʾc
dānist,YDOYTWNstn
gōwēm,YMRRWNm
ayār,hdyb
ēdōn,ʾytwn
wehzād,wyhzʾd
farrox,plhw
pērōz,pylwc
m,m
uzmūd hēd,ʾwzmwt HWEyt'
baxt ēstēd,bht YKOYMWNyt
āsān,ʾsʾn
xrad,
ranǰ,lnc
ī,ZY
šān,šʾn
wizīdār,wcytʾl
ōš,ʾwš
abzār,ʾp̄zʾl
dastwar,dstwbl
wēmār,wymʾl
wiyābān,wydʾp̄ʾn
stambag,sthmbk
handōz,hndw
ward,wl
wīdwar,wytwl
baxt,bht
nihang,nysn
ahunsand,ʾhwnsnd
abar,ʾp̄
drāyēn,dlʾdyn
aǰgahān,ʾšghʾn
rāy,LA
āmārēn,ʾmʾlyn
uzmūd,ʾwzmwt
dām,dʾm
burd,bwltn
frāx,plʾhw
frayād,plydʾt
wuzurg,LBA
nay,DḆYLW
škeft,škypt
unknown,hlwsp
bōz,bw
dāšt,dʾšt
pānāg,pʾnʾk
frayād,plyʾt
ras,YHMTWN
kam,km
pānag,pʾnk
ēdar,LTME
panāh,pnʾh
payrāy,pylʾ
frayād,plyʾ
abrōz,ʾp̄lw
wih,ŠDYTW
ēwar,ʾywl
tāšt,t'ʾš
dān,dʾ
stāyīd,stʾdyy
āwām,ʾwbʾm
sāl,ŠNT
zīwist,zywst
āmad,YATWNt
puhl,pwhl
hangār,hngʾl
tuwān,twbʾ
tō,L
appār,ʾp̄ʾl
az,ʾz
rāγ,lʾk
ram,lm
handōxt,hndwht
hanbār,hnbʾ
šōy,šwd
dān,YDOYTW
sar,LOYŠE
wēn,HẔYTW
wišuft,wšwpt
kālbod,kʾlpwt
škast,škst
framōš,plmwšt
šud,OZLWNt
kirrōg,klwkʾl
āxist,ʾhst
mānd,KTLWNt
kirrōg,kylwk
hanǰuxt,hnywht
xwamn,ẖmn
grift,OHDWNt
āxēz,ʾhy
čand,cndy
rōy,lw
ǰud,ywdt
spōxt,spwhtn
nūn,KON
gāhūg,gʾswk
nasā,nsʾy
daxmag,dhmk
did,TWḆ
gumēz,gwmy
ē,ʾy
gīr,OHDW
ē,ʾyw
tāg,tʾk
way,wʾd
keh,ks
bandag,bn'dk
driyōš,dlgwš
āzād,ʾzʾt
brīn,PSKWN
andar ō,ḆYN OL
widār,wtʾlyn
pidar,ABYtl
wardag,wltk
frāz ō,prʾc OL
widarag,wtlg
ānay,HYTYWN
činwad,cynwt
buland,bwlnd
warzīd ēstēd,wlcyt YKOYMWNyt
pēš,pyšy
ahlāyīh,ʾhlʾdyh
brād,blʾt
husraw,hwslwb
hambāz,hmbʾc
hambār,hnbʾl
rāyēnīd,lʾdynyt
gāhān,gʾsʾn
dādestān,DYNA
āzārd,ʾcʾltn
sāz,sʾ
brādar,blʾtl
nazdīk,nzdyk
tuxšīd,twhšyt
būd,YHWWNtn
āmār,ʾmʾl
im,LẔNE
raft hēm,SGYTWNt HWEm
abārōn,ʾp̄ʾlwn'
aspinǰ,ʾspnc
rōz,YW
bazag,bck
nay,DḆLW
wizarš,wyzlš
dēw,ŠDYA
nay,DḆLWN
ka,AMT'
griy,BḴYWN
abaxšāy,ʾp̄'hšʾdyn
wāng,KALA
niyōxš,ndwhšyn
abdom,ʾp̄dwm
abestān,ʾp̄stʾn
arz,ʾlc
sust,swst
ēn hamāg,ẔNE hmʾk
tā,tʾk
(a)rešk,lyšk
nāz,nʾ
burz,bwl
zurwān,zlwʾn
marg,mlg
čār,cʾ
mīr,YMYTWN
bām,bʾm
ǰadag,ytk
handarz,hndlc'
husraw,hwslw'
kawād,kwʾtʾ
ēdōn,ʾytwn'
kawād,kwʾt
andar ēd ka,ḆYN HNA AMT
pēš az ān ka,pyš MN ZK AMT
būd,bwt
čiyōn ka,cygwn' AMT
bēd,byt
taxt,tʾht
aspānūr,ʾspʾnwl
barēd,YḆLWNyt
nih,HNHTW
wāng,wʾng
pahrēz,pʾhly
warz,wl
kū,AMT
dig,YTMAL
se,3
gām,gʾm
abzūd,ʾp̄zwt
bahr ī,bʾhl Y
rēman,lymn
baršnūm,blšnwm
šust,HLLWNstn
purs,pwl
xwadāy,hwtʾ
dād,YHBWNt
drōd,dlwt
rāyēn,lʾdy
kār,k'ʾl
warzīgarīh,wlcyklyh
zēn,zyn
rāst,lʾstʾ
saxwan,shw
guft,gwptʾ
handāz,hndʾ
appar,YHNCLW
spōz,spwc'
niger,nky
čiyōn,cygwn'
stabr,stpl
wider,wtyl
andak,ʾndk
škeft,škpt
rāst,lʾst'
wind,HŠKH
pārag,pʾlk
padīr,MKḆLW
kard ēstēd,krt YKOYMWNyt
enyā,ʾywp
widārd,wtʾltn
mihr,mtr
ǰuttarīh,ywdtlyh
bazag,b'ck
spōz,spwc
guft ēstēd,gwpt YKOYMWNyt
az kū,MN AYK
mad hēm,mt HWEm
hēm,HWEm
ō kū,OL AYK
šud,OZLWNtn
dānēm,YDOYTWNm
pēš,LOYN'
stōwēnīd,stwbynytn
hammōz,hmw
wirāy,wylʾ
husraw,hwslw
dān,dʾnʾ
māzdēsn,mʾzdysnʾ
pahlom,pʾhlwm
h,HW
māzdēsn,mʾzdysn'
kišwar,kyšwl
ašnaw,ʾšnw
frārōn,plʾlwn'
ušahin,ʾwšhyn'
rōy,lwd
gōmēz,gwmyc
gōspand,gwspnd
šōy,HLLW
pāk,DKYA
pōš,pw
nērang,nylng
māzdēsn,mʾzdysn
ēbyānghan,ʾybyʾnghn
band,bn
gētīg,gytyḵ
hišt ēstēd,ŠḆKWNt YKOYMWNyt
astwihād,ʾstwydʾt
abar ō,QDM OL
kirb,klp
wišōb,wšw
wīr,wyl
gyān,HYA
ak,ʾk
sōšāns,swšʾnš
pas,psy
ēk ō did,ʾywk OL TWḆ
ōwōn,ʾwgn
kār,ZLYTWN
abzāy,ʾp̄z
waxš,wh
šken,TBLWN
wazēn,wcyn
gugār,gwkʾ
ardā,ʾltʾy
pargan,pzkn
bē ō,BRA OL
kišt,ZLYTWNyt
ēg,ʾywp
frādahišnīh,plʾdhšnyh
be ō,BRA OL
dēn,dyn
nāf,nʾp̄
mihrōdruǰ,mtr'ʾwdlwc
kār,ZLYTW
dušmat,dwšmt
dušhūxt,dwšhwht
dušxwaršt,dwšhwwlšt
humat,hwmt
hūxt,hwht
huwaršt,hwwlšt
abespār,ʾp̄spʾ
axw,ʾhw
spenāg,spnʾk
abēzag,ʾp̄yck
pēšag,pyšk
ristag,lstk
wattom,wttwm
gannāg,gnnʾk
ǰādūg,yʾtwk
ahlomōγ,ʾhlmwk
ristag,lystk
widard hēnd,wtlt HWEd
būd hēnd,bwt HWEd
pattāyist,ptʾdst
widašt,wtštn
gīrēm,OHDWNm
frašgird,plškrt
zamān,zmʾn
pattāy,ptʾ
wider,wty
nāzuk,nʾcwk
anayād,ʾnʾḇyḏʾt
rōz pad rōz,YWM PWN YWM
anayādtar,ʾnʾḇyḏʾt
būd,YHWWNtʾ
pahikār,ptkʾlyn
drōn,dlwn
yaz,YḎBHWN
stāy,stʾ
bawēm,YHWWNm
dārēm,dʾlym
ē,y
ašmā,LKWM
wizārēm,wcʾlm
ārzōg,ʾlcwk
hišt hēnd,ŠḆKWNt HWEd
kōšk,kwšk
xand,GHBHW
wāz,wʾ
dīd hēm,dyt HWEym
spāh,spʾh
sālār,srdʾlyh
menīd,mynyt
raft hēnd,SGYTWNt HWEd
hēm,HWEym
rāh,ʾs
šud hēnd,OZLWNt HWEd
asāmān,ʾsʾmʾn
čē rāy ka,ME lʾd AMT
spinǰ,spnc
fradāg,MHL
hanǰām,hncʾm
dastwar,dstwblʾ
ōšbām,ʾwšbʾm
nasrušt,nslwšt'
anāstawānīh,ʾnʾstpʾnyh
pēš az ān kē,LOYN' MN ZK AMT
xwaršēd,hwlšyt
ul,LALA
zad bawēd,MHYTWNt YHWWNyt
čiyōn ka,cygwn AMT
šust hē,HLLWNst HWEyӯ
niyāyišn,nydʾdšn
nērōg,nylwk
baxt ēstēd,HLKWNt YKOYMWNyt
stambag,stʾmbk
saxt,sht
drāy,dlʾd
ǰōy,yw
dudīgar,dtykl
sidīgar,stykl
ǰōy,y
drāy,dl
ābustan,ʾp̄wstn'
bēwar,bywl
zāy,Y̱LYDW
dam,d
zafr,zpl
šāwēd,OZLWNyt
mizag,myck
čāšnīg,cʾšnyk
ahreman,ʾhlmn
dēwān,ŠDYAʾn
ǰōyē,ywdydy
arzān,lcʾn
taz,t
urwar,ʾwlwl
sōr,sw
ōh,KN
wattarān,wtlʾn'
guft hād,gwpt HWEʾt
ēd rāy,HNA lʾd
ahreman,ʾhlmn'
dēsīd,dhsyt
hašt dah,18
drāyīd,dlʾyt
pašt,pšt
āwāšēm,HTYMWNm
šāyist,šʾdst'
zanēm,znm
ōzanēm,Y̱KTLWNm
wizār,wcʾl
zan,z
kard ēstēd,krt' YKOYMWNyt
wizār,wcʾ
kunēm,OḆYDWNm
dandān,dndʾn
freš,plyš
mālīdan,mʾlytn'
ēd rāy čē,HNA lʾd ME
mēzd,myzd
pēš az,pyš MN
freh,plyh
wišūd,wšwt
māl,mʾlyn
zēn,zyn'
dēw,šʾn
az ān ī,MN ZK Y
gumārd ēstēd,gwmʾlt' YKOYMWNyt
druwand,dlwnd
nimāy,nmʾdyn
andarōn,ʾndlwn
wēn,wy
tištar,tyštl
sadwēs,stwys
wanand,wnnd
haftōring,hp̄twḵlng
arγand,ʾlgnd
wēn,HẔYTWN
mard,GB
wēn,wyn
niger,nkyln
būd hē,HWEydy
hāmōyēn,hymwdyn
murnǰēn,mlncyn
ēd,HNA
burd,YḆLWNt
niyābag,nydʾp̄k
aštar,ʾštl
rist,lyst
tān,tʾn
rist,lyst'
wirāyēm,wylʾdyym
weh,ŠPYLʾ
nimūd,nmwt
padīrift hēd,MKḆLWNt HWEyt
hōm,hwm
kun,OḆYD
dārēm,YHSNNm
xwad,hwt
xwābar,hwʾp̄'l
kadām,ktʾm
ōzad,Y̱KTLWNtn
pahrēxt,pʾhlyhtn
hamāg,hmʾy
bēšīd bawēd,byšyt YHWWNyt
dād,dʾt'
dah,dh
ganǰ,gnc
gōšt,BSLYA
murd,mwlt
petyāragēn,ptydʾlkynyt
yār,yʾ
būd,YHWWNyt
petyārag,ptydʾlk
anespās,ʾnspʾs
mihrōdruǰ,mtr'ʾwdlwc'
widēr,wtyl
šabag,špk
tāzag,tʾck
nasrušt,nslwšt
widašt,wtš
rasīd bawēd,lsyt YHWWNyt
az ān ǰādag rāy,MN ZK yʾtk lʾd
ras,l
kand,HPLWNtn
frazaft,plcpt'
zamān,ODNA
hangārd,hngʾltn
nāmčišt,nʾmcšt
stāyēnīdārīh,stʾdynytʾlyh
dārīh,dʾlyh
gōwēm,YMLLWNym
zōhr,zwhl
mahist,mhyst'
būd ēstēd,YHWWNt YKOYMWNyt
haft,7
amahraspand,ʾmhrsp̄nd
spandarmad,spndrmt
nērang,nylnk'
bālāy,bʾlʾ
miharg,mytlg
pāy,pʾ
dō,TLYN'
star,stl
se,TLTA
pay,pʾ
čahār,ALBA
panǰ,HWMŠYA
harburz,hlbwlc
šaš,ŠTA
asar,ʾsl
haft,hp̄t
brāz,blʾcʾ
hu,hw'
hamāgzōhr,hmʾk
arzah,ʾlcʾh
sawah,swʾh
fradadafš,pldtdpš
wīdadafš,wydtdpš
wōrūbaršt,wʾwlwblšt
wōrūǰaršt,wʾwlwclšt'
xwanirah,hwnyls
farrōbay,plwbʾy
gušnasp,gwšnsp̄
burz,bwrcy
abārīg,ʾp̄ʾryk
nišāst ēstēnd,nšʾst YKOYMWNd
ahē,KZY
sōz,swc
yaz,yc
bawānd,YHWWNʾnd
gōyōd,gwyʾwt
tag,tḵ
rašn,lšn'
razistag,lẕystk
wahrām,wlhlʾm
amāwand,ʾmʾwnd
sīh,30
rōz,lw
paydāgēnīd ēstēd,pytʾkynyt YKOYMWNyt
wāspuhr,wʾspwhl
framādār,plmʾtʾl
pādixšāy,pʾthšʾyhʾ
xwarāsān,hwlʾsʾn
xwarwarān,hwlblʾn
nēm,nym
moγān,mgwgʾn
handarzbed,hndlcpt
hazārbed,hcʾlpt
yaz,yʾc
dahād,YHBWNʾt
zōr,zwt
ērān,ʾylʾn
abrang,ʾp̄lng
ǰam,ym
šēd,šyt
huram,hwl
padīrād,MKḆLWNʾt
mērag,mylk
kunād,OḆYDWNʾt
zīw,zyw
abzōn,ʾp̄zwn
abestāg,ʾp̄stʾk
stāy,stʾdyn
hāmōyēn,hymwdyn'
xwaš,BSYM
hamwār,hmwʾl
raγ,lgyӯ
šāy,šʾd
zarr,ZHBA
asēm,ʾsym
ǰaw,Šg
gandum,Hg
huniyāg,hwnydʾk
māh,BYRH
āsrōn,ʾslwn
artēštār,ʾltyštʾl
wāstaryōš,wʾstlywš
hutuxš,hwtwhš
xwān,hwʾn
huniyāgarān,hwnydʾklʾn
dar,dl
handāxt,hndʾht
sāxt,sʾht
im,mʾ
pih,pyhw
im,m
spās,sp̄ʾs
any tis,AHRN MNDOM
pēš ī,LOYN Y
sagr,sgl
ārd,ʾlt
snd,snd
xward ēstēd,OŠTENt YKOYMWNyt
xufs,HLMW
xwamn,hwmn
dahišnī,dhyšny
pahnāy,phnʾd
rōd,lwt
dranāy,dlnʾd
bālāy,bʾlʾd
nihād ēstēd,HNHTWNt YKOYMWNyt
panǰ,5
abarmānd,ʾp̄lmʾnd
wizārd,wcʾltn
raft,lptn
xuft,HLMWNtn
āzarm,ʾclm
dah,10
paywast,ptws
awināhīh,ʾwnʾsyh
wizēn,wcyn
rad,lt'
hammōxt,hmwh
wāzag,wʾck
warm,wlm
nask,nsk
yašt,yštn
panǰ,pnc
šabān,šp̄ʾn
šnāy,šnʾ
ēstād,YKOYMWNʾtn
hamēstār,hmystʾl
drahnāy,dlnʾd
āstawānīh,ʾstwpʾnyh
wašt,wštn
rad,lt
abāyist,ʾp̄ʾdstn
dusraw,dwslwb
ōyšān,ʾwyšʾn
dusraw,dwslwb'
pahrēz,pʾhlyc
drāz,dlʾc
čōb,cwp
zad,MHYTWNtn
bēšīd,byšytn
ašnaw,ʾšn
srawēnīd,slwbynytn
paydāgīh,pytʾkyh
appurd,YHNCLWNtn
hammōxt,hmwht
kirbakkarān,krpkḵlʾn
mizd,mzd
bazakkarān,b'ckḵlʾn
tōz,tw
nihād,HNHTWNtn
šaš,šš
daxšag,dhšk
mehmān,mʾhmʾn
wišād,wšʾ
dāšt,dʾštn
haft,hpt
druz,dlwc'
wārom,wʾlwm
ahōšīhā,ʾhwšyhʾ
waxšēnīd,whšynytn
apatītīgīh,ʾptytykyh
hašt,hšt
brīd,PSKWNtn
ōgārd,ʾwkʾltn
petīt,ptyt
noh,nh
raw,lw
šnāxt,šnʾhtn
xwāst,BOYHWNstn
magind,mknd
yār,yʾl
niyōxš,ndwhš
šaš,600 20 <Y> 7
pas az,AHL MN
wīst,20
bay,b y
yazdgird,yẕdkrt
šāhryārān,štr'ydʾlʾn
abarwēz,ʾp̄lwyc
frāz,prʾc
wāz,w
būd hēnd,YHWWNt HWEd
pādixšāy,pʾthšʾdyhʾ NYŠ
wahmān,wʾhmʾn
rōstāg,lwtstʾk
deh,MTA
kanīzag,knyck
ē,HNA
pādixšāy,pʾthšʾd
duxt,dwht
pid,AB
stūrīh,stwlyh
ayōgānīh,ʾywkʾnyh
padīrift,MKḆLWNt
padīr,MKḆLWN
ēk,ʾyw
tarsāgāh,tlskʾs
warzīd,wlcyt
wardēm,wltm
banūgīh,bʾnwkyh
wastarag,wstlg
xuft,hwpt
paymōxt,ptmwht
sāmān,sʾmʾ
passazag,psck
xūb,hwp'
frazand,prẕn'd
wind,HŠKHWN
sahist,MDMENst
dōšīd,dwšyt
drahm,ẔWẔN
āwar,ʾwb
asēm,ʾsymy
mar,ml
az nūn frāz,MN KON prʾc
abaxt,ʾbht
dād hēm,dʾt HWEm
mādag,NKḆ
kard hēm,krt HWEm
har ka,KRA AMT
dād,dʾ
xwāst,hwʾst
wihānag,bhʾnk
abespārēm,ʾp̄spʾlm
mādag,mʾtg
pāyandān,pʾydndʾn
padīrift,MKḆLWNt͟y
dādistān,DYNA
ǰādag,yʾtk
gōw,gwb'
pahikārd,ptkʾlt'
xwāst,BOYHWNst
wizōst,wcwst
dib,dp
gugāy,gwkʾd
čīd,cyt
pōryōtkēš,pwlywtkyš
pānzdah,15
and,ʾnd
šawēm,OZLWNm
xwēs,hwyš
būd hēm,bwt HWEm
dēwān,ŠDYAn
wattarān,SLYtlʾn
bun,b
rošn,lwšn
tārīkīh,tʾlykyh
hubōy,hwbwd
adādestānīh,ʾDYNAyh
abaxšāy,ʾp̄'hšʾ
anāmurzišn,ʾnʾmwlcšn'
čim,cm
ēdōn,ʾytwn'š
wurrōy,wlw
mayānǰīgīhā,mdyʾncykyhʾ
xrad,hlt'
gumān,gwmʾn
saz,s
āfrīd,ʾp̄ly
būd,bw
gayōmart,gʾywmlt
spadarmad,spndrmt
mihrē,mtr'yh
mihryānē,mtr'yʾnyh
fradom,AWLA
frēzbān,plycpʾn
ak,ʾ
menīd,mynytn
ayād,ʾḇyḏʾ
ǰud,ywt
āstawān,ʾstwpʾn
yašt,yšt
awardāg,ʾwltʾk
wattarīh,SLYtlyh
ēsnīh,ysnyh
wizīd,wcytn
rāyēnīd,lʾdynytn
kišwzār,kyšwcʾl
warzīd,wlcytn
gōspand,KYNA
se ēk,3#ʾywk
šab,šp
hērbed,hylpt
šab,LGLYA
ābād,ʾp̄ʾt
āsāy,ʾsʾd
wahišt,whšt'
ak,
kanār,knʾ
harwisp,hlwsp
ōy ī,OLE Y
baw,
baw,YHW
abesīh,ʾp̄s
murnǰēnīd,mlncynyt
sōšāns,swšʾns
harwīn kas,hlwyn' AYŠ
wišuft,wšwptn
stōš,stwš
činwad,cynwpt
mad,mtn
frārōn,plʾlw
uzwān,ʾwzwʾn
āštīh,ʾštyh
hamīh,hmyh
z,c
būd,bwtn
warz,wlcyn
ēstēm,YKOYMWNm
kēš,kyš
stāyēm,stʾdym
burzēm,bwlcm
wurrōyēm,HYMNNm
axw,ʾhw'
awindīd,ʾwndyt
gōw,my
agriftār,ʾglptʾl
grift,glpt
kun,kwn
ēst,ʾys
ārzōg,ʾlcwk'
gētīg,gyty͟d͟y
hil,ŠḆKW
pāy,NTLWN
patačaṇbiiō,patačaṇbiiō
aškamb,KLYSE
mādar,AMYtl
grīw,CWLE
abgan,LMYTW
drahnāy,dlhnʾd
and čand,ʾnd cnd
karr,kl
gung,gwng
kunīh,OḆYDWNy
zand,znd
pēš az,LOYN MN
dādestān,dʾtstʾn
astānag,ʾstʾnk
bārestān,bʾlstʾn
hāsar,hʾsl
zan,MHYTW
āz,ʾc
arešk,ʾlyšk
niyāz,nydʾc
wīdwar,ytwl
anāštīh,ʾnʾštyh
asmān,ʾsmʾn
garōdmān,glwdymʾn
spōz,spw
škoft,škwpt
dast,dst
gīr,gyl
tang,tng
zad,zt
nifrīdag,nplytk
šāy,šʾ
baxš,HLKWN
āzār,ʾcʾ
amar,ʾml
kirrēnīd,klynyt
bast,bs
im čim rāy,ʾm cym lʾd
dah,YHBW
bāmdād,bʾmdʾt
gōw,YMRR
xwāst,BOYHWst
ēbārag,ʾdywʾlk
āmurzēm,ʾmwlcm
ēdōn čiyōn,ʾytwn cygwn
ast,ʾst
mihōxt,mytwht
āfrāh,ʾplʾs
tuxš,twh
iz ka,yc AMT
nihuft,nhwpt
āškāragēnīdārīh,ʾškʾlʾkynytʾlyh
ōwōn,ʾwgw
kōxš,kwh
kadār,ktʾl
awardāgtar,ʾwltʾktl
hazār,hcʾ
huzār,hwcʾl
adādīh,ʾdʾtyh
frahist,plhyst
šud,OZLWN
kard,kr
dēwān,ŠYTAʾn
āškār,ʾškʾl
abesīhēn,ʾp̄shy
rast,lst
azdahāg,ʾcydhʾk
paywast,ptwst
meh,myh
āfrāh,ʾp̄lʾs
wizōy,wcwd
urwāz,ʾwlwʾ
xwāh,BOYHW
ēr,ʾdl
passand,psndy
warzīg,wlcyk
kun,OḆYDWNy͟t
framōš,plmw
frasāwand,plsʾwnd
barēd,YḆLWNy͟t
hamē,hmʾ
bawē,YHWNNydy
zāyē,Y̱LYDWNydy
xwāh,hwʾ
rāy,lʾ
hammōxt,hmw
wirāst,wylʾ
har tis,KRA
wisp,wsp̄
rēdak,lytk'
winārd,wynʾlt
rēdak,lytk
kaš,kš
pēš ī,LOYN' Y
ēstād,YKOYMWNʾt
stāy,stʾd
framāy,plmʾy
niyōxšīd,ndwhšytn
būd hēm,YHWWNt HWEm
niyāg,nydʾk
kām,kʾm
xīr,CBW'
abāyist,ʾp̄ʾdst
widard,wtlt
any,AHRN
bahr,bʾh
stūr,swl
brahm,blhm
čābuk,cʾp̄wk
dāšt hēm,dʾšt HWEm
hangām,hngʾm
dād hēm,YHBWNt HWEm
saxt,sʾht
awištāft,ʾwštʾp̄t
hādoxt,hʾtwht
bay,wʾnyy
niyōxšīd ēstād,ndwhšyt YKOYMWNʾt
nibēg,npyk
raγ,lgӯ
bārīk,bʾlyk'
angust,ʾngwst
frazānīg,plcʾnyk
aswār,aswbʾl
kamān,km
dad,dt
tar,LCDr
widard,wtʾltn
nēzag,nyckw
nēzag,nyck'
šamšēr,šmšyl
rān,lʾn
nibard,nplyt
asprēs,ʾsp̄lys
čawgān,cwpkʾn
anāsūd,ʾnʾswt
kašak,kšk
azēr,hcdl
apargūdīhā(?),ʾp̄lgwtyhʾ
iz,c'
gōy,lwd
raγ,lʾk
čōb,ckw
čawgān,cwpykʾn
sūr,swr
win,wn'
barbut,blbwt
tambūr,tmbwl
kennār,knnʾl
srōd,slwt
čegāmag,cykʾmk
paywāz,ptwʾ
pā,pʾ
wāz,wʾc
awestād,ʾwstʾt
stāragān,stʾlkʾn
abāxtar,ʾp̄ʾhtl
šud hēm,OZLWNt HWEm
čatrang,ctlng
nēw,nyw
ardaxšīr,ʾlthšyl
pāy,pʾy
hamahl,hmʾhl
zamb,zmb
bast,bstn
rēšag,lyšk
windād,wndʾt
gušnasp,gwšnsp
nišīnēm,YTYBWNm
sah,MDME
framāy,plm
nigerīd,nkylytn
ārzūg,ʾlcwk
hē,HWEydy
brahmag,blhmk
gušnag,gwšn
wahīg,whyk
māh,mʾ
parward ēstēd,plwlt YKOYMWNyt
rūd,lwtn
ambarag,ʾmblk'
āb,ʾp̄
handūd,hndwt
sēn,syn
frabīh,plpyh
spēd,spyt
bāg,pʾk
poxt,pwhtn
šakar,škl
tabarzad,tplzt
passandīd,psndyt
ē,H
fraš,plš
pōr,pwl
karak,krk
tadar,ttl
tīhōg,tyhwk'
dumb,dwm
parr,p
sī,sy
unknown,syt
čakōk,ckwk
parward,plwl
kulang,klng
čarz,clz
māhīg,mʾhk
kabk,k'pk
anǰīr,ʾncyl
xašēn,hsyn
sār,sʾl
karak,nkd
ǰuwān,ywbʾn
šāhdānag,šhdʾnk
ǰaw,Šky
rōγn,MHŠYA
zaytān,ztʾn
tāxt,tʾhtn
pēš pad,pyš PWN
ī,ӯ
kušt,NKSWNtn
āgust,ʾkwstn
gardan,gltn'
āgust,ʾk
sōrābag,swlʾp̄k
brišt,blyš
murw,mwl
dumb,dwmb'
nazdīk,nzdyḵ
afsard,ʾp̄slt
gōr,gwl
gawazn,gwʾzn
warāz,wlʾc
uštar,GMRA
kawādag,kwʾtk
gawdar,gwtl
sāl,sʾ
mēš,myš
hūg,HZWLYA
gawdar,gwl
aspast,ʾspst
pīh,TLBA
sik,HLYA
truš,tlwš
rōb,lwwyn
halām,hlʾm
xāmīz,hʾmyc
tarr,tl''
xargōš,hlgwš
wušmurw,wšmwl
dil,dyl
tadar,tl
gugār,gwkʾl
āhūg,ʾhwk
mādag,mʾtk
starwan,stlwn
afsard ēstēd,ʾp̄slt YKOYMWNyt
rōγn,lwwn
xward,hwlt
nēk,nywk'
hāmīn,hʾmyn
ān,ʾn'
lawzēnag,lwcynk
gōzēnag,gwzynk
gōz,gwc
afrōšag,ʾp̄lwšk
brēz,wlycyn
zamestān,ẕmystʾn
šiftēnag,šptynk
wafrēnag,wplynk
gišnīz,gšnyc
abarag,ʾp̄lk
sēb,syb
bēh,wys
sēm,sy
ambag,ʾmbk
xiyār,hʾl
wādrang,wʾtlng
pōst,pwst
bēh,byh
sinǰibīl,hyngpylc
halīlag,hlylk
tarr,tlrr
sinǰībil,snggpyl
čīn,cyn
pursīd,pwrsy
dārēnag,dʾrynk
anārgēl,ʾnʾlgl
hindūg,hndwk
xwān,KLYTWN
pārs,pʾls
bistag,bstk
gurgān,gwlgʾn
sōr,swl
āb,ʾp
brēz,blcn
naxōd,nhwt
xormā,Tg
hērtīg,hyltyk
āgand ēstēd,ʾknd YKOYMWNyt
šiftālūg,šptʾlwk
arminīg,ʾlmnyk
balūt,blwt
tabarzad,tplztk
razur,lcwl
pāzen,pʾcn'
brišt ēstēd,blšt YKOYMWNyt
gugārd,gwkʾlt'
aškamb,ʾškm
kanīg,knyk
wirāy,wylʾdyn
harēwag,hlywk
marwrōd,mlwlwt
bust,bst
bādag,bʾtk
hulwān,hlwʾn
asūr,ʾswl
bādag,wʾtk
wāzrang,wʾzlng
huniyāgar,hwnydʾkl
čang,cng
srāy,slʾd
kennār,knʾl
sūrāzīg,swlʾcyk
must,mws
nāy,nʾd
dumbalag,dwmblk
unknown,shʾnlyk
unknown,dylyk
rasan,lsn''
zanǰīr,zncyl
wāz,wʾcy
čambar,cmbl
tās,tʾs
wand,wn
andarwāy,ʾndlwʾd
karmēr,klmyl
suxr,dhwhl
spar,spl
gōy,gwd
sel,sl
dašn,dš
warz,wlz
šīšag,šyšk
kabīg,kpyk
xwaš,hwš
kanīg,knywk
nēkōg,nywkwk
āwāz,ʾp̄ʾc
gōwē,YMRRWydy
xāmīz,hmyc
bazm,bzm
āwurd,ʾwlt
weh,ws
šām,šʾm
handūd,hndw
xuft,HLMWNt
yāzdah,yʾcdh
sprahm,splm
yāsimīn,yʾsmyn'
sprahm,splym
kētīg,kytyk
gul,gwl
unknown,unknown
nargis,nlgs
hērīg,hylyk
suxr,swhl
zard,zlt
rōspīg,lwspyk
kāpūr,kʾp̄wl
saman,smn
sōsan,swsn
marw,mlw'
wanafšag,wnpšk
kanīz,knyc
esprahm,splhm
mōrd,mwlt
dahibedān,dhptʾn
nīlōpal,nylwpl
marzangōš,mlcngwš
bizešk,bcšk
spēd,spy
palangmušk,plngmwšk
wayōg,wywk
kūpal,kwpl
nastaran,nstln'
munǰ,mnc
škōf,škw
škōft ēstēd,škwpt YKOYMWNyt
sīsīmbar,sysymbl
āzād,ʾcʾ
sprahm,splhm
yāsaman,yʾsmyn'
dwāzdah,dwʾcdh
mard,mlt'
mayānǰīg,mdyʾncyk
war,wl
pahn,pʾhn
kūn,kwn
hambast,hmb'st
kōtāh,kwtʾh
bārīk,bʾlyk
dagrand,dglnd
handām,hndʾm
narm,nlm
saxt,dšt
āgand,ʾknd
pestān,pstʾn
wafr,wply
anārgōn,ʾnʾlgwn
wādām,wʾtʾm
lab,lp
wassad,wsty
brūg,blwk
dēs,dys
gēsū,gysw'
rōšn,lwsn'
ašarmīhā,ʾšlmhʾ
sēzdah,sycdh
bārag,bʾlk
astar,KWTYNA
bayaspān,byʾsp̄ʾn
xub,lʾst
kanīzag,krpk
mašk,mk
abarzēn,ʾp̄lzyn'
ud,Y
rām,lʾms
anōš,ʾnwš
framūd,plmwt
ǰār,yʾwl
dwāzdah,12
uzmāy,ʾwzmʾd
wirāst,wylʾs
rasēm,YHMTWNm
dēnār,dynʾl
pas az ān,AHL MN ZK
ēw,ʾyw
ō pēš,OL LOYN'
frēstīd,ŠD͟RWNyt
nibišt,nyp̄
nibišt ēstād,npšt YKOYMWNʾt
padēx,ptyhw
āhōg,ӯʾhwk
āxwarrestān,ʾswlstʾn
spōxt,spwh
andar zamān,ḆYN ẕmʾn
āwar,YHYTYW
dīd,HẔYTWNt
hilē,ŠḆKWNydy
padīrē,MKḆLWNydy
kard hē,krt HWEydy
abespārē,ʾp̄sp̄ʾlydy
hilēm,ŠḆKWNm
wizārē,wcʾlydy
iz zamān,yc ẕmʾn
gašt,gšt
raft,SGYTWNt
wizārd,wcʾlt
widār,wtʾl
nišast,YTYBWNst
kamand,kmnd
abd,ʾp̄d
ōzad,Y̱KTLWNt
marz,mlc
rasīd,YHMTWNyt
grift,OHDWNtn
zan,zn'
passox,pshw
wizārd,wcʾlt'
ašnūd,OŠMENt
hišt,ŠḆKWNt
az,MNW
weh,wyš
az ān frāz,MN ZK prʾc
agār,ʾkʾl
abēzār,ʾp̄yzʾl
waštag,wštk
abespār,ʾp̄sp̄ʾ
passand,psnd
pad čē,PWN ME
stāy,s
niger,nkylyn
uskārd,ʾwskʾld
axwēš,ʾhwyš
stāyīd,stʾdy
zil,zyl
čarb,clp'
nihād,nydʾ
hamhā,hmhʾ
wēnābdāg,wynʾp̄tʾk
tar,tl
zīrk,zylk
stūd,stw
burz,bwlcyn
raz,lc
hušk,hwšk
sāyag,sʾdk
burzīd,bwlcy
wiyābān,ydʾp̄ʾn
tarr,tl'
asūd,ʾswt
kun,OḆYDWNy͟
mēhan,myhn'
stūn,stwn
frawār,plwʾl
frasp,plsp
uskār,ʾwskʾl
grift,glp
wistāx,stʾy
kariš,wl kyh
pay,pdy
šarāzag,šrʾck
mast,mst
kōf,kwp
franām,plnʾp
razūr,lcwl
zōr,zwʾl
uzmāy,ʾwz
mānag,mʾn
sturd,stwlt
darr,B
hambun,hmbwn
āmēz,ʾmy
gyān,yʾn'
afsārēn,ʾp̄sʾly
dast,YDE'
pušt,pwšt'
zūr,zwl
drāyēn,dlʾdy
āhōg,ʾhwk
nām,nym
drāyīd,dlʾdytny
nang,nn
ōbast,ʾwps
ēraxt,ʾylh
rōz,lwc'
wattar,wtl
saftag,sttk
wattarīh,wtlyh
bān,bʾn
bast,ḇstn
dahol,dhwl
kōšt,kwšt
halam,hlm
wāl,wʾl
unknown,yhmnn
itān,tʾn
ōgārd,ʾwgʾlt
xwāstag,KYSK
spōz,swpw
kard,kld'
āwēnēm,ʾp̄ynym
šnās,šnās
ačāragīhā,ʾcʾlkyhʾ
wardē,wltydy
raft hēm,lpt HWEm
wazīd,wcyt
kustag kustag,kwstk kwstk
wizōst,cwst
mānsar,mʾnsl
nāmag,nʾmk
kard hēm,OḆYDWNt HWEm
wizīdār,wcʾltʾl
grift hēm,OHDWNt HWEm
stāyīd,stʾy
z,yc
wizāyīdār,wcytʾl
ačārag,ʾcʾlk
ōrēb,ʾwlyp
pad,[PWN
uskār,]ʾwskʾl
wīr,]wyl
xrad,]hlt
čāštag,cʾštk
pahrtar,pʾhltl
kōr,kwl
stard,stlt'
widard,wtʾlt
wistāx,ystʾhw
pad pēš,PWN pyš
kamar,kml
abrāz,ʾp̄lʾcyn
šalwār,šlwʾl
gulgōn,gwlgwn
mōzag,mwck
paštag,pštk'
saxtag,shtk
sēnag,synk
mān,mʾnyn
xward,OŠTENt
dūd,dwt
yāft,yʾp̄t'
wany,HWBN
pīlag,pylk
gilag,gylk
kand,kn
tis tis,MNDOM MNDOM
durd,dlt
xumb,hwmb'
tuhīg,twhyk
mānd,mʾn
ganǰ,gnz
appurd,ʾpl
ǰām,ksm
škast,šks
zang,zng
azōr,ʾzwl
tars,DHLLWN
wih,wy
lābag,lʾp̄k
xwān,KLYTW
niger,nk
pašēmān,pšʾmʾn
čār,cʾl
baxt ēstēd,bʾht YKOYMWNyt
darmān,dlmʾn
dram,dlm
sang,sng
āmēxt,ʾmyhtn
šnāxt,šnʾht
dāng,dʾng
fradāg,pltʾk
ma,AL HT
mad ēstād,mt YKOYMWNyt
hāwan,hʾwn'
škēbāg,škypʾk
dast,ds
kōstan,kwstn'
parnagān,plnykʾn
wīdwar,bytwl
wēxt,wyhtn
abar,ʾp̄yl
kafčag,kpck
abestān,ʾp̄stʾm
abgand,LMYTWNtn
čē,c Y
xward,hwltn
sūd,sw
āfrīd,ʾp̄lyt
ud,wʾckyhʾ
stānēm,YNSḆWNm
dahēm,YHBWNm
sad ud panǰāh,100 50
nawad,90
mowbed,mgwpt
kard būd,krt' YHWWNt
pādixšāy,ŠLYTA
men,myn'
azadār,ʾztʾl
˚kardan,krtn'
āštīh˚,ʾštyh
˚nē,LA
ǰang˚,yng
hišt,ŠḆKWNtn
padīrift,MKḆLWNtn
xēšm,ʾmym
dād,dʾtn
gugāy,gwkʾdy
frēft,plyp
bēš,
frēst,plys
im,ʾm
handēmān,hndymʾn
ō āgenēn,OL#ʾknyn'
xward,hw'ltn
handāxt,hndʾhtn
hašāgird,hšʾkrt
gumārd,gwmʾltn
ēg,ʾywk
sālār,srdʾlʾ
paywast,ptwstn
ǰah,y
sah,sh
sīstān,sgstʾn
ēk,ʾywk'
hēlmand,hytmnd
frazdān,plzdʾn
zrēh,zlyh
kayānse,kyʾnsyӯ
gar,gl
ušdāštār,ʾwšdʾštʾl
ōšīdar,ʾwšytl
ōšīdar,'wšytl
spitāmān,sp̄ytʾmʾn
rist,lst
āxēz,ʾhc
tōhm,twh
dahibedān,dhywptʾn
wizend,wznd
frēdōn,plytwn
salm,slm
hrōm,hlwm
tūz,twc
turk,twlk
ēriǰ,ʾylyc
nīd,DḆYLWNt
nihān,nyhʾn
dah,h
zād,Y̱LYDWNʾt
frazdān,plcdʾn
ardwīsūr,altwyswl
anāhīd,ʾnʾhyt
ārāst,ʾlʾstn
mānūščihr,mʾnšchl
wištāsp,wštʾsp
rawāgīh,lwbʾkyh
sēn,syn'
ahūmstūd,ʾhwmstwt
bust,bwst
hāwišt,hʾwšt
būd,YHWWNt HWEd
čāšt,cʾšt
panǰāh,50
nask,nsg
duzd,GNA
sar,sync'
burz,bwlc
windād,HŠKHN
gizistag,gcstk
aleksandar,ʾlksndl
hrōmāy,hlwmʾ
brēh,blyyh
mow,mwg
raft hēnd,SGYTWNt
grift hēnd,glpt
ōzad hēnd,Y̱KTLWNt
āmad hēnd,YATWNt HWEd
aburnāy,ʾp̄lnʾy
ōst,ʾwst'
kard ēstād,klt YKOYMWNʾt
pad čē ān rāh,PWN ME ZK lʾh
gašt,gšt'
ārāst,ʾlʾst
wirāst,wylʾst
enyā,ʾdynyʾ
hādōxt,hʾtwht=ʾy
framāy,plmʾdyn
nibišt,npšt
ašəm,ašəm
ērān,ʾylʾn'
šahr,št
gōkān,gwkʾn
ayādgār,ʾḇyḏʾtkʾl
nibišt ēstēd,npšt YKOYMWNyt
kust,kwst
samarkand,smlkn'd
kāyōs,kʾyws
fragand,plknd
frazāmēnīd,plcʾmynyt
wahrām,wlhlʾn
nišāst,YTYBWNʾst
hazār ud dō,1000 W 2
fragard,plglt
taxtag,tʾhtk
kand,knd
skandar,swkndl
sōxt,swht
drayāb,dldʾp̄
sugud,swkwd
āšyān,hwtʾyʾn
ēd kū,HNA AYK
manūčihr,mnwcyhl
luhrāsp,lwhlʾsp
wištāsp,wštʾsp̄
frāsiyāg,plʾsʾk
tūr,twl
har ēk,KRA#ʾywk
nišēm,nšy
uzdēstzār,ʾwcdaystcʾ
bašn,šn
baxl,bʾhl
bām,wʾm
šahr,štr's
nawāz,nwʾc
spandyād,spndyʾt
wahrām,wʾhlʾn
nēzag,nyck
zad,MHYTWNt
yabbū,ybb
xāgān,hʾkʾn
sinǰēbīk,sncypyk
čōl,cwl
xāgān,kʾn
gōhram,gwhlm
tuzāb,twcʾp̄
arǰāsp,ʾlcʾsp
hyōn,hywn
šāh,šʾh
wēz,wy
dwār,dwbʾ
xwārazm,hwʾlcm
narsēh,nsyh
ǰahūd,yhwt
yazgird,yẕddkrt
harē,hlʾӯ
hrōmāyīg,hlwmʾk
pōšang,pwšn
šāpuhr,šhp̄whl
ardašīr,ʾrtšyl
wuzurg,wcwl
tūs,tws
nōdar,nwtʾl
nō,9
zarēr,zlyl
bastūr,bstwl
karzam,klcm
ardašīr,ʾltšyl
pāhlēzag,phlyck
kāyēn,kʾyn'
luhrāsp,lwhlʾsp̄
dah,dhy
narsēh,nrsyh
ašk,ʾšk
kūmis,kwms
burg,bwlg
mān,m
pārs,pʾl
tāz,
nērōg,nylwḵ
pahrēz,pʾhl
ālag,ŠTLA
šād,<w>
wisp,wsp
hu,hw
frasp,plsp=ʾy
ē,100 80
frasang,plsng
wīst ud panǰ,20 <Y> [W] 5
ārešn,ʾlšn
bālā,bʾlʾ
ē,100 W 80
kōšk,kwšk'
dastgird,dstkrt
tīsifōn,tysp̄n
warāz,lʾ
gēw,gyp
nasībīn,nsyḇn'
ōrhāy,ʾwlyh
bābēl,bʾp̄yl
bast,bst
mārīg,mʾlyk
axtar,ahtl
nimud,nmwt
hērat,hylt
gumārd,gwmʾlt
hamadān,hmdʾn
dabr,dpl
māh,mh
nihāwand,nyhʾwnd
āwand,ʾwnd
xwānd,KLYTWNt
padišxwārgar,ptšhwʾlgl
kard ēstēd,klt YKOYMWNyt
az,ME
armāyīl,ʾlmʾyl
kōfyār,kwpydʾl
windād ēstād,wndʾt YKOYMWNʾt
haft,8
dumbāwand,dwmbʾwnd
wisēmagān,wsymkʾn
āhagān,ʾhkʾn
wispūhr,sp̄wtr'
sōbārān,swbʾlʾn
musragān,mwslkʾn
barōzān,blwcʾn
marinzān,mlyncʾn
šahryār,štr'ddʾl
mūsel,mwsl
gazīrag,gzylk
āmtūs,ʾmtws
kēsar,kysl
ē čahār,I 4
yaman,ymn
frīgā,plykʾ
kufah,kwpʾh
makkah,mkʾh
madīnag,mdyn'k
kābul,kʾp̄wl
raxwat,lhwt
rahām,lhʾm
gōdarz,gwtlc
asp,ʾsp̄
nar,nl
yabbū,ywb
bost,bst
bunag,bwng
frāh,plʾhw
zāwalestān,zʾwʾlstʾn
zarang,zlng
frāsiyāg,plʾsydʾk
karkōy,klkwd
manūščihr,mʾnšcyhl
gumēxt,gwmyht
awērān,ʾp̄ylʾn
afsārd,ʾp̄sʾlt
siyāwaš,sydʾwš
pābag,pʾp̄k
kirmān,klmʾn
staxr,stʾhl
ardawān,aldwʾn
dārāb,dʾlʾp̄
gird,krt
dārāy,dʾlʾy
ardaxšīr,ʾltšyl
tūz,tw
humāy,hwmʾd
nēw,TḆ
šūs,šws
šūstar,šwstl
šīšīnduxt,šyšyndwht
čiyōn,cygwm
rēšgalūdag,lyšglwtk
wandōy,wndwy
īšāpuhr,y
pīlābād,plʾp̄ʾt
nihād,HNHTWNʾt
nahr,nʾhl
tīr,ty
simrān,smlʾn
ādwēn,ʾtwbyn
maswar,mswl
ōzad,Y̱KTRWNt
āwurd,HYTYWNt
ārēst,ʾlhyst
ardaxšīr,ʾrtšyl
āsūr,ʾsyl
ōšag,ʾwšk
hagar,hkl
dōsar,dwwsl
borgil,bwlkl
gay,gʾy
flīp,pylp
nīd,DḆYLWNt͟y
xwāh,hwʾd
aškar,ʾškl
gušnasp,gwšsp
wan,wn'
gulaxš,gwlhš
drubušt,dlpwšt
arwand,ʾlwnd
asp,ʾsp
brādrōš,blʾtwlwš
karb,klp
ganz,gn
āmōy,ʾmwd
zand,zn
šahr,M
bagdād,bkdʾt
abūǰafar,ʾbwgʾp̄l
čiyōn,cygn
abūdawānīg,ʾbwdwʾnyk
āwāš,HTYMW
akōman,ʾkwmn
andar,ʾndl
sāwul,sʾwl
nāghēd,ʾkhyt
tariz,tʾlyc'
parward,plwlt
ruwān,lwbʾn'
pid,pyt
mād,mʾt
darak,dlk
wišād,kwšʾtn
hōmānāg,hwmʾnʾk
gugāy,gwkʾs
žanō bərəzō nərə garayō bərəzō mānō stārō māhyō hwarō anaγra raočå,žanō bərəzō nərə garayō bərəzō mānō stārō māhyō hwarō anaγra raočå
zānūg,zʾnwk
midarg,mytlg
stārag,st'l
dād,ʾt
nēk,nywkyh
bast ēstēd,bst YKOYMWNyt
kirbg,krpk
īsadwāstar,ystwʾstl
pādāšn,pʾtdʾšn
dah,YHWWN
wēh,wyh
yazad,yẕdt'
xwēdōdah,hwytwkds
nišāst,YTYBWNstn
gāhānbār,gʾsʾnbʾl
men,myn
andōh,ʾndwh
fragān,plkʾn
taxl,tʾhl
faryād,plyʾt
nibišt,npš
būd ēstād,bwt YKOYMWNʾt
se,300 20 Y 4
zīwād,zywʾt
ʾytlpʾd,ʾytlpʾd
az bahr ī,MN bʾhl Y
unknown,blwyc
kadēm,ktym
wihēzag,whyck
šaš,600 90#ʾywk
tʾmwk,tʾmwk
gazīrag,gcylk
zrēh,zlẖ
hērbed,hlpt
sad ud panǰāh,100 W 50
ēdōn čiyōn,ʾytwn' cygwn
zarduxšt,zltwhšt
čē rāy,ME lʾd
anēr,ʾnʾyl
gayōmart,gʾywkmlt
arzūr,ʾlzwl
ōzad,Y̱KTWNt'
mihrīh,myhlyh
mihriyānīh,myhlyʾnyh
rust,lwst
hōšang,hwšʾng
pēš,pyšdʾt
tahmurib,thmwlp
bārag,bʾlk'
kard,OḆYDWNt
zarmān,zlmʾn
paymān,ptmʾ
astōdānīhā,ʾstwkdʾnyhʾ
kand,knt
kand,kntn
framūd,plmw
baxš,HLKW
duxtar,dwhtl
pusar,pwsl
aburd,ʾbwlt
brād,AH
ōzad hēnd,Y̱KTWNt HWEd
manūščihr,mnwšcyhl
bērōn,bylwn
sām,sʾm
nirīmān,nylymʾn
sanāwēzag,snʾyck
hunušak,hwnwšk
frāsiyāg,plʾsyʾk
kay,kdʾ
ēreš,ʾylš
šēb,šp
stad,YNSḆWNt
lurāsp,lwlʾsp
abespurd,ʾp̄spwlt
haštdah,17
haštdah,18
warz,wlcʾ
pēšyōtan,pyšywtn'
kang,kng
diz,dc
māzdēsn,mʾẕdys͟n
ōšīdar,ʾwlšytl
čāš,cʾ
šabān,špʾn
ōšīdar,'wlšytl
ōzan,Y̱KTLW
panǰāh ud haft,50 7
pas ān ka,AHL ZK AMT
amarg,ʾmlg
azarmān,ʾzlmʾn
abēš,ʾbyš
apetyārag,ʾptydʾlk
druz,dlwcʾ
hunušag,hwnšk
sāstār,sʾstʾl
kayak,kdk
stard,stlt
kē,AMT
sūrāg,swlʾk
dwārist,dwbʾlst
ayōxšust,ʾywk'šwst
hambār,hmbʾlyn
xward ēstēd,hwlt YKOYMWNyt
čehel,40
hangēz,hngycyn
gōšt,gwšt
zāy,Y̱LYDWN
hagriz,hklc
ēk abāg did,ʾywk LWTE TWḆ
āsāy,ʾsʾdyn
apetyārag,ʾp̄tydʾlk
ahōš,ʾhwš
rawāg,lwbšn
kard,klt'
xwānād,KLYTWNʾt
zahr,zʾhl
bast hēm,bst hm
wiš,wš
zafar,zpl
bād,bʾt
bēšaz,byšz
āxēz,ʾhcyn
rēš,lyš
kamist,kmst
ā,ʾ
bōz,bwcyn
čēh,cyh
pēšēmāl,pyšʾymʾl
pasēmāl,psʾymʾl
pattāy,ptʾd
aškamb,KLSE
aškomb,ʾškwmb'
wišōb,wšwp
rawād,SGYTWNʾt
wināhīd,wnʾsyt
unknown,mtwkck
any,AHR
ōzad hē,Y̱KTLWNt HWEydy
kārwān,kʾlwʾn
padīr,ptyl
padīrānd,MKḆLWNʾnd
xwar,hwln'
nišīnānd,YTYBWNʾnd
gāh,gʾh
tuxš,tw
wad,SL
gumān,gwm
bēšīd,byšyt
ǰādag,yʾtk'
šaš,6
dāšt ēstēd,dʾšt YKOYMWNyt
widārd,wtʾlt
kāst,kʾhst
anī,AHRN
dōš,dw
xēšm,ʾyš
spazg,spzg
sazist,scstn
paywast,ptw'st
būd,YHWWNt'
garzīd,glcytn
vičidāiti,vičidāiti
kām,nʾ
staft,stpt
mihrōdruǰ,mtrwdl
bar,y̱bl
mardōm,ANŠYTA
dīd,HẔYTWNtn
pahikar,ptkl
nigārd,nkʾl
ganǰ,gn
brāh,blʾd
srōg,slwk
srōg,dlwg
gōw,gwb
ma,AHL
uzmāy,ʾwzmʾ
ras,ls
warz,wlc'
sard,slt
rasād,YHMTWNyt
bandīh,ASLWNy
dānist hē,YDOYTWNst HWEydy
wurrōyist,HYMNNstn
wardēn,wl
zad,zt'
daštān,dštʾn
pēm,pym
ǰud,ywd
rēštagīh,lyštkyh
hamēmāl,hʾmymʾl
akāmagīhā,ʾkʾmkyhʾ
ǰadag,ytk'
dēwān,wynʾn
šab,šps
ōstīgān,ʾwstykʾn
āmōg,hmwk
šāyist,šʾdst
padīrift,ptylpt
brēhēn,blyhy
brēhēnīd ēstād,blyhynyt YKOYMWNʾt
pāy,ʾp̄
aranǰīhā,ʾlncyhʾ
frayād,pldʾ
abrōz,ʾp̄
mēhan,myhn
zīndag,zyndk
menīd,mnyt
dagr,AYLK
ō ī,OL Y
framōš,plmwš
anayādīh,ʾnʾḇyḏʾtyh
ālūdag,ʾlwtk
frōd,plw
abāš,ʾp̄ʾš
barīh,blyh
brēhēnīd ēstēd,blyhynyt YKOYMWNyt
ǰast ēstēd,yst YKOYMWNyt
framāy,plmʾ
enyā az,ʾynyʾ MN
pahrēxt ēstēd,pʾhlyht YKOYMWNyt
āxēz,ʾhyz
awināhtar,ʾwnʾstl
huwaršt,hwwlšt'
dušmat,dwšmat
pen,pn
drōz,dlwcn
freh,plyhbwt
būd,mynšnyh
paymān,pytmʾn
ēd,HWEyt
afrēftāragīhā,ʾplyptʾlkyhʾ
must,mwsty
abaz,LAWHL
bowandagtar,bwndktl
šnās,šnʾ
hamēmal,hmymʾl
pād,NTLWNt
arešk,ʾlšk
būšāsp,bwšʾsp
ahunsandtar,ʾhwnsndtl
ačāragtar,ʾcʾlktl
bēšēnīdārtar,byšynytʾltl
anespāstar,ʾnspʾstl
kōxšīd,kwhšyt
sahm,shm
anabaxšāyišnīgtar,ʾnʾp̄hšʾyšnyktl
frāmōš,plmwš
kirbag,krpk'
nīgāh,nkʾs
āsn,ʾsn
gōšōsrūd,gwšʾwslwt
abzūd,ʾp̄zwtn
pand,pnd
ēstād,YKOYMWNtn
widerīd,wtylyt
pas az,AHL hc
frazāmēnīd,plcʾmynytn
wirāst,wylʾstn
ahunsandīh,ʾhwnsndyh
uzīd ēstēd,ʾwcyt YKOYMWNyt
ǰuttar,ywdtl
āgāhēnīd,ʾkʾsynytn
ōz,ʾwc
ayāft,ʾyʾp̄
škōh,'škwh
aranǰagīhātar,ʾlnckyhʾtl
passand,psn
weh,wyʾhwyh
xwāhīh,hwʾhyh
ōšmār,ʾwšmʾ
bōxt,bwhtn
mehmān,mhmʾn
winār,wynʾ
čiyōn,cygw
bar,b
wanīgarīh,wnyklyh
pačībāg,p'cypʾk
āgenēn,ʾknyn'
gumēxt ēstēnd,gwmyht YKOYMWNyt
čim,cym
wihānag,whʾnk
wēn,HẔYTWNy
baw,YHWWNt
iz tis,c MNDOM
āwēn,ʾwy
pāymār,pʾtymʾl
awināhīhā,ʾwnʾsyhʾ
aranǰagīhā,ʾlnckyhʾ
frazāmīh,plcʾmyh
spihr,spyyhl
brīn,blyn'
husraw,dwslwb
dar,YHSN
šāy,
šnāyēnīdārtar,šnʾdynytʾltl
nārīg,nʾylyk
anāz,ʾnʾc
anespāsān,ʾnspʾsyh
āzārd,ʾcʾl
sahm,sh
pādixšāy,pʾthšʾyh
ašāy,ʾšʾd
apādyāwandīh,ʾpʾtydʾwndyh
anummēdīh,ʾnʾwmytyh
mad bawēd,mt YHWWNyt
xast,hst
awištāft,ʾwštʾp̄
anummēd,ʾnʾwmyt
awināh,ʾwnʾs
šnās,šnʾs
fsārd,psʾlt
anespāsān,ʾnspʾsʾn
hanǰāmīh,hncʾmyh
niyāzīh,nydʾcyh
xwāhīh,hwʾdyh
ayāft,ʾyʾp̄tn
tišn,tyš
handēšīd,hndyšytn
afrēftār,ʾplyptʾl
sālār,hmsrdʾl
abaxšāyišnīgar,ʾp̄'hšʾdšnygl
čērīh,cylyh
mad,mt'
društ,dlwšt
pattāy,pt
nišast,YTYBWNstn
xīr,hyl
bazakkarān,bckḵlʾn
garāmīg,glʾmyk
padīr,pty
paywand,ptwn
ranǰ,ln
parist,pls
mihrōdruǰ,mtrwdlwc
āgāh,ʾgʾsʾ
yal,yl
abespārīh,ʾp̄spʾlyh
māzdēsn,mʾzdys͟n
kard hēnd,krt HWEd
šnāy,šnʾd
abzāyēnīd,ʾp̄zʾdynyt
amahraspand,ʾmhrsp̄ndʾ
āfrīn,ʾp̄ryn
abēzag,ʾp̄yck'
zīw,
nibēsīhēm,Y̱KTYBWNyhym
stūdgar,stwtgl
zarduxšt,zltwhšt'
ahōšīh,ʾhwšyh
xwāst,BOYHWN'st'
harwisp,hlwsp̄'
nimūd,nmwt'
azg,ʾzg
zarr,ZHBAy
pōlāwad,pwlʾp̄ty
āhen,ʾsyn'
ēstād,YKOYMWNʾt'
dāšt,dʾšt'
dīd,HẔYTWNt'
xwarm,hwlm
guft,gwpt'
mēnōg,mynwḵʾ
nimāy,nmʾdy
draxt,dlʾht
dīd,dyt'
wištāsp,wštʾsp̄'
pursēm,pwrsym
kālbod,kʾlpwt'
wirēg,lyk
nihān,nyhʾn'
pōlāwad,pwlʾpty
wizārd,wcʾl
wars,wls
dah,dhʾ
sadōzim,stwzm
spitāmān,sp̄ytʾmʾn'
yasn,ysn
hordād,hwrdt'
yasn,ysn'
aštād,ʾštʾt'
mazdak,mzdk
āmad,YATWNt'
šān,šʾn'
petyārag,ptydʾlk'
yazad,yẕdʾ
māh,mhy
windād,wdʾt
nēw,nw
šāhpuhr,šʾhp̄whl
farrōbay,plwbʾg
adrō,ʾKDBA
ādurbād,ʾtwrpʾt'
xwāst,BOYHWNst'
paymān,ptmʾn'
guft hād,gwpt HWE't'
ēd ī,HNA Y
kunē,OḆYDWNyy
ǰud,ywdt'
gōbed,gwkpt'
yōšt,ywšt'
fryān,plyʾn'
čihrōmyān,cytlwkmydʾn
wištāsp,wštʾspʾ
hād,HWEt'
kunē,OḆYDWNydy
wurrōy,HYMNN
māzdēsn,mzdsnʾ
any,AHRN'
ōyšān,OLEšʾn'
mardōm, ANŠWTAʾ
brādrōš,blʾtlwš
karb,klp'
sahist,MDMENst'
harwisp,hlwsp̄
dānist,YDOYTWNst'
grift,OHDWNt'
gēhān,gyhʾn'
ast,ʾstʾ
xwar,OŠTEN'
xward,OŠTENt'
gumēxt,gwmyht'
šabān,špʾn'
mardōm,mltwmʾ
gōspand,gwsp̄nd
spandarmad,sp̄ndrmt'
rust ēstēd,lwst' YKOYMWNyt'
gumēxt ēstēd,gwmyht' YKOYMWNyt'
winārd hēm,wynʾlt HWEm
burd,YḆLWNt'
mālīd,mʾlyt
xuft ēstēm,HLMWNt' YKOYMWNm
spitāmān,spytʾmʾn'
abzōn,ʾp̄zwn'
dīd hēm,HẔYTWNt' HWEwm
hangad,hngt'
kars,kls
sahist,MDMENstگ
frabih,plpyh
rōyēn,lwdyn'
brinǰ,blncy
arzīz,ʾlcycy
zardušt,zltwšt'
dēwān,ŠDYAʾn'
tār,tʾl
dušox,dwšhw'
dwār,dwbʾlyn
ardaxšīr,ʾlthštl
wahman,whwmn'
spandyād,sp̄ndyʾtʾ
xwānīh,KLYTWNyh
payrāy,pʾylʾ
šāpuhr,šʾhpwhl
ārāy,ʾyl
sāmān,sʾmʾn
passāxt,psʾh
rist,lystk
walaxš,wlhš
ristag,lʾstk
burd,blyt
ag,ʾk'
kalsyāgīh,klsyʾkyh
abesīh,ʾp̄sy
wēnāb,wynʾp̄
ǰādūg,yʾtwkʾ
tom,twm
mazdak,mzdḵ
bāmdād,bʾmdʾtʾ
rōšn,lwšn'
nidom,nytwm
kust,kws
xwarāsān,hwlʾsʾn'
grift,glpt'
kirrōg,ḵlwk
zōšn,zwšn
h,HWE'
andar,LALA
sōz,swcyn
wināh,wnʾsn
mān,mʾny
dahigān,MTAykʾnʾ
dahigān,dhyywkʾn
zēnhār,znhʾl
māzdēsn,mʾzdsn
nišāst ēstēd,nšʾst'
āwārag,ʾp̄ʾlk
ast,ʾst'
deh,MTAʾ
pašt,pšt'
ēwēn,ʾdw'yn'
zēnhār,zynhʾl
brād,blʾt'
dāmād,dʾmʾt'
xwasrū,hwslw
kēsag,ḵys
mādar,mʾtl
duxt,dwht'
xwaršēd,hwlšyt'
nihang,nyhng
sāl,ŠNT'
spandarmad,spndrmt'
nihang,nhng
ǰōrdāyān,ywltʾkʾn
hašt,8
kāh,kʾh
spēd,sp̄yt
draxt,dlht'
xwarum,hwlwm
namak,nmk
sard,sltk
jud,ywdt
nigān,nkʾn
nigānīd,nkʾnytn
šust,šwstn
sōxt,swhtn
pahrēz,pʾhlycyn
hangār,hngʾlyn
škeft,škpt'
xrūdrafš,hlwdlpš
dēn,dyn'y
dār,dʾlyn
išān,šʾn'
pādyāb,pʾtyʾp̄
hixr,hyhl
baršnūm,blswm
šōy,HLLWN
maγ,mγ
barsom,blswm
wistar,wstl
drōn,dlwn'
pādixšā,ŠLYTA
nēst,LOY
ēsm,ʾsm
yašt,yšt'
nērangestān,nylngstʾn'
dān,YDOYTWN
kēš,kyšʾ
kirbakkar,krpkḵl
mowmard,mwgmlt
wišād,wšʾt'
xwurd,hwltk
wuzurg,wcwlgʾ
mowmard,mwgmltʾ
zōš,zwš
xwurd,hwlt
pādixšāy,pʾthšʾʾ
āwārag,ʾp̄ʾlkʾ
burd,bwltʾ
muhr,mwyl
wizurd,wcwlt'
ahlaw,ʾhlwbʾ
hangēzēn,hngyc'yn
spazg,sp̄zg
abārōn,ʾp̄ʾlwnʾ
gugāhīh,gwkʾsyh
ānāst,ʾnʾst
burd ēstēd,YḆLWNt YKOYMWNyt'
hērbed,hylptʾ
hāwišt,hʾwštʾ
āhōg,ʾhwk'
padīr,ptylyn
sadōzim,stwkzm
āz,ʾc'
parist,plyst
ānāstag,ʾnʾstk
abr,ʾbl
wārān,wʾlʾn'
asmān,ʾsmʾn'
nizm,nyzm
šabēn,špy
garm,glm
sard,slt'
wād,wʾt'
ǰōrdāyān,ywltʾḵʾn'
barēd,YḆLWNyt'
wārān,wʾlʾn
wār,wʾl
xānīg,hʾnyk
pōst,pwst'
tanuk,tnwk
čarbišt,clbšt'
nērōg,nylwk'
kustīg,kwstyk
mayān,mdyʾn'
dādestān,dʾtstʾn'
aburnāy,ʾp̄wlnʾd
pīm,pym
wiyufsišn,ywpsšn'
āy,YATWN
ǰašn,yšn'
pēš,py
usōfrīt,ʾwswplyt'
fraward,plwlt
pādāšn,pʾtdʾšn'
abaxšāy,ʾp̄hšʾyn
stāyīd ēstēd,stʾyt YKOYMWNyt'
raw,lwb
dahigān,dhyykʾn
uzdehīg,ʾwcsk
wattarān,SLYtlʾn'
ačāragīh,ʾcʾlkyh
abesīh,ʾp̄shyn
sabuk,sp̄wk
wišāy,ŠLYTWN
ayōxšust,ʾywkšwst'
arzīz,ʾlcyc
srub,slp
band,bn'dk
xazar,htwl
tōbit,twpyt'
awērag,ʾwylk
kōfyār,kwpdʾl
čīn,cyn'
suγd,swpt
hrōmāyīg,hlwmʾyk
karmag,klmk
raxt,lht
spēd,sp̄yt'
ān,ʾn
hrōmāyīgān,hlwmʾyykʾn
magas,mks
darbās,dlpʾs
xwēd,hwyt
kahas,kts
rōd,lwt'
gird,glt'
azēr ī,hcdl Y
zamīg,zmyk
škoft,škwpt'
kāh,kʾ
seǰ,syc
pēš,LOYN
gannāg,gnʾk
abesīhēnīd,ʾp̄shynytn
pādixšāy,pʾthšʾy
ēdōn,ʾytwn' wyh
xwah,YPLHWN
pāzand,pʾcnd
čāš,cʾš
ēmēd,ʾyymyt
dēn,dynʾ
dēw,dyw'
ēsnān,yysnʾn
t,t'
tuwān,twbʾn'
xwāh,BOYHWN'
pursīd,pwrsyt'
xwān,KLYT
iθā ā yazamaidē ašəm vohū,iθā ā yazamaidē ašəm vohū
kard ēstēd,krt' YKOYMWNyt'
hōmāst,hwmʾst'
srūd ēstēd,slwt' YKOYMWNyt'
srūd,slwt'
būd hē,YHWWNt' HWEyӯ
škoft,škwp
frāsyāb,plʾsyʾp̄
awērān,ʾp̄ylʾn'
ān ī ka,ZK Y AMT
asp,ʾsp̄'
sumb,swmb'
kanīh,HP̱LWNyh
didēm,dytʾʾm
gōwēm,YMLLWNm
ast,AYTʾ
ud,OL
čegām,cykʾm
nar,ZḴL
mād,NK
yazēm,yzm
nar,ZKL
zardxušt,zltwhšt'
māzdēsn,mʾẕds͟n
āwādag,ʾwbʾtk
zīwānd,zywʾnd
gišnag,gšnk
nišān,nyšʾ
šēdāsp,šytʾsp̄
windād,wndʾt'
kulāh,klʾh
nišān,nyšʾn
nimāy,nmʾ
ward,wlt
nišān,nyš
būm,bwmy
rāyēn,lʾdyn
gānag,kʾnk
gānag,kʾnk'
tāz,tʾcyn
arang,ʾlng
frāt,plʾt'
tā ō,OD OL
gawrān,gwrʾn
hamār,hmʾl
mān,Y̱KTLWN
gilistag,glystk
tōhm,twhmk
sad,st
ward,wltyn
nišān,nyšʾn'
an,ʾn
kamīr,klmyl
mar,m
buš,bwš
hrōmāyīg,hlwmʾyk'
ardīg,ʾltš
būd bawēd,YHWWNt' YHWWNyt'
abāg,ʾp̄ʾk
arǰāsp,ʾlcʾsp̄
wišūd,wšwt'
ī,k
nišān,nšʾ
ādur,ʾtwr'
gušnasp,gwšnsp̄'
čēčast,cycst'
zofr,zpl
garm,glmw'
māhīg,mʾhyḵ
ādurōg,ʾtwr'k
karzang,k'lcng
tāz,tʾc
drayā,dlyʾ
frazand,prcnd
zīw,zywyn
zardxušt,zltwhšt
zardušt,zltwšt'ʾ
šāy,šʾdn
zarduxšt,zltwhštʾ
zrēh,zlyẖ
kayānse,kyʾnsyʾ
kābul,kʾp̄l
čīn,cyns
hindūgān,hndwkʾn'
šāpuhr,šʾp̄wl
stārag,stʾlk
parwar,plwlyn
abrāst,ʾp̄lʾst
abrāst,ʾp̄lʾ
būm,bw
andar,ʾnd
bahr,bʾhlʾ
bālist,bʾlyst'
frōd,plwt'
gund,gwnd
sagestān,sgstʾn'
harē,hlyʾw'
tabarestān,tplstʾn'
kurd,klt
karmān,klmʾn
nē,lʾd
gurg,gwlg
dašt,dšt'
nišān,nišʾn
šēd,šytʾ
abrāst,ʾp̄lʾs
babar,b'pl
bandug,bndwk
nixwār,nswbʾlyn
bōy,bwdyn
zamān,zmʾn'
men,mnʾ
zamestān,ẕmstʾn'
warg,wlg
abgan,ʾp̄kn
dwār,dwbʾl
xurdruš,hlwydlpš
dēw,dyw
ēsnān,ʾysnʾn'
frēstēm,ŠD͟RWNm
nēryōsang,nylyywsng
čihrōmyān,cytlwmydʾn'
wištāsp,wštʾsp̄ʾ
ay,HNA
ātaxš,NWLA
yaz,YḎBHWN'
hōmāst,hwmʾst
nēryōsang,nylyywksng
čagād,ckʾt
dāitī,dʾytyk
čihrōmyān,cytlwmydʾn
frāz,prʾc'
sad panǰāh,100
samōr,smwl
humat,hwmt'
hūxt,hwht'
ābān,ʾp̄ʾn'
hādoxt,hʾtwht'
bay,bg
škennēd,TBLWNyt'
nišast,YTYBWNst'
zōt,zwt
sāz,sʾcyn
wistar,wstlyn
nērang,ylng
uzdēszār,ʾwcdystcʾl
nišēm,nyhʾ
xurdruš,hlwdlpš
zofāy,zwpʾy
kōxš,kwhšʾ
hukēryād,hwkylyʾt
āyēm,YATWNm
framāyēm,plmʾdynm
tag,tk
xwarrah,GDE'
māzdēsn,mʾstʾ
framān,plmʾn'
gōyōd,gwyʾwt'
gōyōd,gʾwt'
pašt,pšty
dahāg,dhʾk'
hrōmāyīg,hlwmʾyyk
kustīg,kwstykʾ
ašnūd,ʾšnwt
stōwīh,stwbyh
tār,tʾr
škennēnd,šknynd
druwand,dlwndʾ
tōm,twm
didēm,wdythym
band,ASLW
gumārd,gwmʾlt'
wirāy,wyl
nirfs,nlps
gušnasp,gwšnʾsp
ēsm,ʾysm
ōš,ӯ
tōhm,twmk
zad,MHYTWNt'
bawād,YHWWNʾt'
dēw,ŠDYAA
parīg,plyk
tōhm,twm
dēwān,ŠDYAn'
abzāyād,ʾp̄zʾdʾt'
mahist,mhst'
dahāg,dhʾkʾ
rūdag,lwtk
warzīd,wlcytʾ
hāwišt,hʾwšt'
ōšīdar,'wšytlʾ
hazār ud hašt,1000 W 8
tārīk,tʾlyk'
arzah,ʾlzh
wōrūbaršt,wlwblšn'
wōrūǰaršt,wwlwclšn'
nēm,ny
ērān,ʾylʾ
hamē,hmʾy
az,ʾc
māh,mʾhʾ
bizišk,bcšk
kirrōg,klwk
darmān,dlmʾn'
kārd,kʾlt'
dāsr,dʾsl
kōf,kwp'
rōn,lwn
frēdōn,plytwn'
čim rāy ka,cym lʾd AMT
wiyōzē,wwydwcyt'
āxēzē,ʾhycydy
ānīd hēnd,HYTYWNt' HWEd
az ān čiyōn,MN ZK cygwn
dēsag,dysk
wiyōz,wydwc
ōbār,ʾwpʾl
garān,glʾn'
garz,glc
ōzan,YKTLWN
šāyēm,šʾym
waxšēm,whšym
tazēm,tc'm
nēryōsang,nylywksng
karsāsp,klsʾsp̄
ǰumb,ym
wāng,KALAd
gad,gt
pahikōb,ptkw
ōzan,YKTLW
drōšag,dlwšk
sōšāns,swkšʾns
farrōbay,plwbʾ
dāšt,dyt
awēstwār,ʾwstwbʾl
awestwār,ʾwstwb
kišt,ZLYTWNtn
niyōxšidārīh,ndwhšytʾlyh
pābag,pʾp̄kʾ
alaksandar,ʾlksndl
sad čehel,100 30
spahān,sphʾn
šahryār,štr'dʾl
gumārd,gwmʾl
sāsān,sʾsʾn'
šubān,špʾn'
dārāy,dʾlʾ
wirēg,wlyk
kurdān,kwltʾʾn'
šabān,špʾnʾ
dānist,YDOYTWNst
zād ēstēd,Y̱LYDWNt YKOYMWNyt
sāsān,sʾsʾn
tāb,tʾp̄
nišast ēstād,YTYBWNst YKOYMWNʾt
pērāmōn,pylmwn
namāz,OSGE
bar,blyn
burz,bwlcy
waxš,whšyn
ēwēnag,ʾdwynk'
dīd ēstād,HẔYTWNt YKOYMWNʾt
wizār,wcʾlʾ
gušnasp,gwšsp̄'
frēstād,ŠD͟RWNt
hē,HWEyӯ
ābzan,ʾp̄zn'
paymōzan,ptmwcn'
āwurd hēnd,YHYTYWNt HWEd
dād hēnd,YHBWNt HWEd
paymōz,ptmwc'
gōnag,gwnk'
parward,plwlt'
ardaxšīr,ʾrthšyl
zād,Y̱LYDWNt
frahixt,plhht'
frahixt,plhh
frēstē,plystydy
framāyēm,plmʾdym
šāyist,šʾst'
sahist,'shst
frēstīd,ŠD͟RWNyt'
frazand,prẕndʾ
wāspuhr,wʾspwhlk
naxčīr,nhcyl
čōbīgān,cwpyḵʾn
nēw,nyw'
čēr,cyl
wwltk,wwltk
aswār,ʾswbʾlʾ
šud ēstād,OZLWNt YKOYMWNʾt
az pas ī,MN AHL Y
tāxt,tʾht
rasīd,lsyt
parr,pl
aškamb,ʾškmb'
šud,OZLWNt'
sōg,swk
murd,YMYTWNt
aswār,ʾswb
rasīd hēnd,YHMTWNyt HWEd
stahmag,sthmbk
ram,šlm
adādestānīh,ʾdʾtstʾnyh
āwarēm,YHYTYWNm
āxwar,ʾhwl
stōr,stwlʾ
frēstīd,plstyt
šawē,OZLWNydy
būd,bwt'
andōhgen,ʾndwhkn'
passox,pshw'
stēz,sty
bōz,bwc
adān,ʾdʾn'
bāš,YHBWNš
dānē,dʾnydy
xīr,CBW''
abespār,ʾp̄sp̄ʾl
parist,plys
tanbūr,tnbwl
srūd,slwt
wiyābān,nyʾcʾn
mad,mt''
kard,OḆYDWNt͟y
paywast,ptwst'
baxt,bʾht
nazd,nzd
ō pēš,OL pyš
axtar,ʾhtl
ēst,ʾyst
ywʾcdʾn,ywʾcdʾn
bālist,bʾlst
haftōring,hp̄twlng
šēr,šgl
marzīh,mlcyhyn
ham čim rāy,hm cym lʾd
nimāy,nm
xwadāy,hwt
pādixšāy,pʾthš
murw,mw wlmnšʾn
wirēz,OLYKW
wuzurg,wzwlg
ašnūd,OŠMENt'
wirēxt,OLYKWNtn
wizīd,wcyt
mār,mʾlʾ
wirēxt,OLYKWNt
gīrēm,OHDWNym
šawēm,OZLWNym
bōxtēm,bwhtym
rasēm,YHMTWNym
framāyē,plmʾyt
xuft ēstād,HLMWNt YKOYMWNʾt
hindūg,hndwkyh
sār,sl
abesar,ʾp̄ysl
ǰām,MANE
was,kwd
zrēh,zlyӯ
abzār,ʾp̄cʾl
payrāst,pylʾs
wasyār,wsyʾl
stad,YNSḆWNt'
haftād,70
raft hēnd,SGYTWNt HWEyӯ
awištāb,ʾwštʾp̄
raft,lpt'
tarsīd,tlsyt
ma agar,AL HT
šnās,šnʾsn'
nišast,YTYBWNs
rast hē,lst HWEyӯ
wad,wt'
drayā,dlydʾ
raft,lpt
kanīzag,knyck'
ardawān,aldwʾn'
hangrūdag,hnglwtk
ǰeh,yẖ
kēwān,kywʾn
rēz,ly
mayān ī,mdyʾn Y
asmān,ʾsymʾn'
čahār,4000
pay,pdӯ
mardōm,ANŠWTAʾ
tēx,tyh
ardā,ʾltʾk
widašt hēnd,wtšt HWEd
warrag,wlk
dawist,LHTWNst
nēkōgtar,nykwktl
dānēm,YDOYTWNym
gyāg,gywʾk'
guft hēnd,gwpt HWEd
šud hēnd,OZLWNt' HWEd
dō,dw
dānēm,YDOYTNm
ahanūz,ʾhnc
nixwārēm,swbʾlym
pēš kū,LOYN' AYK
raft hēnd,SGYTWNt HWE'd
ranǰēn,lncy
any,ZKydy
wašt,wšt'
gund,gnd
paydāgēnīd,pytʾkynyt'
banāg,bnʾk
spahān,spʾhʾn'
wirēxt ēstād,OLYKWNt' YKOYMWNʾt
bunag,bwnk
ō nazdīk ī,OL nzdyk Y
im,mn
bawēm,YHWWNym
rōstāg,lwstʾk
čašm,AYNE
hangārd,hngʾlt'
ardaxšīr,ʾltštl
nišāst,nšstn
kirbakkar,krpkl
makarestān,mklstʾn'
gird,glt
māhīg,mʾhkʾ
ōzan,Y̱KT'LN
ray,lyӯ
dumbāwand,dwbʾʾwnd
dēlmān,dylmʾn
windād,wndyt
kand,HP̱LWNt
āwurd,YHYTYWNt'
nišāst,YTYBWNst
rāzag,lʾck
dastgird,YDEkrt
zōr,zʾwwl
kurdān,kwltʾn
mād,mʾd
franaft,plnpt
xōn,hwn
padīrift,MKḆLWNt'
aswār,asbʾl
hammis,KHDE
gursag,gwlsk
tišn,tš
dūr,HLYK
xwāst,hwʾst'
mād,mʾdy
kē,kym
būd hēm,YHWWNt hm
tāz,tʾ
šabīxōn,špyhwn
ōzad,ʾwzt
xast,hs
wisē,wsydy
kerm,klm
pahikōft,ptkwpt
aswār,ʾsbʾl
stad,YNSḆWN
gulālān,kwlʾlʾn
gulāl,kwlʾl
armin,ʾlmn
yaz,yẕd
kard,klt
syārzūrīg,sydʾlcwlyk
kust,kwʾt
mad ēstād,mt YKOYMWNʾt
handēšīd,hndyšyt
nazdist,nzst
wirāst,wylʾst'
pardāxt,pldʾhtn
uzdēs,ʾwcyʾm
panǰ,5000
hēn,hyn
būm,bwm
sind,snd
mukrān,mwklʾn
frēstīd ēstād,ŠِD͟RWNyt YKOYMWNʾt
wasyār,wskʾl
spāh,spʾhp
wisē,wwsʾ
gyāg,gywʾ
gulāl,gwlʾl
mad hēnd,mt HWE'd
parwast,plwst'
wad,twʾck
brahnag,blʾhnk
ō pēš,OL LOYN
franaft,plnptn
gulālān,gwlʾl
pērāmōn,pylʾmwn
gumārd ēstād,gwmʾlt YKOYMWNʾt
arwāstān,ʾlʾstʾn
mēzanīg,mycnyk
widār,wtʾ
bērōn,bylwn'
āwurd,YHYTYWNtn
was mar,ggml
mihrōg,mtrwk
anōšag,ʾnwšk'
zād,ycʾt
apardazišn,ʾpldcšn
pardāxt,pldʾhtn'
uskārd,ʾwskʾlt
nigerīd,nkylyt
tigr,tglk
čōbak,cwpk
frōd,pylwt
wist,ŠDYTWNt
ōzad hē,Y̱KTWNt HWEydy
warrag,wlmk
raft,SGYTWNt'
widard,wtltn
ōbast,ʾwpst
andar pēš ī,ḆYN LOYN Y
āmad,HYTYWNt
mānd,mʾnd
burzag,bwlck
burzādur,bwlcʾtwr
āmad ēstēm,YATWNt YKOYMWNm
aspinǰ,ʾsp̄nc
ōbast hēnd,ʾwpst HWEd
uzdēs,ʾwcdys
kard ēstēd,krt YKOYMWNyt'
amahraspand,ʾmhrspndʾ
wiyābān,wydʾp̄ʾn'
kard ēstēnd,krt YKOYMWNd
parist,plst
wardēnīd,wltynyt
srāy,slʾy
kāh,TBNA
nišāst,YTYBWNst'
andōhgen,ʾndwhkyn'
xwāh,hw
framāy,plmʾk
dahāg,dhʾk
hrōmāy,hlwmʾk
abaydāg,ʾp̄ytʾk
wašag,wšk
ō pēš,L LOYN'
mēzd,myʾzd
āfrīn,ʾp̄lyn
burzag,bwlc
be,BRA#ʾp̄syn'stn'
bay,bgʾn'g
abespārdan,ʾp̄spʾltn'
abespārēm,ʾp̄spʾlym
dānēm,YDO'YTNm
kunē,OḆYDWNt͟yyӯ
kaletāk,klytʾk
parist,p
abespārē,ʾp̄spʾlydy
nayē,DḆLWNt͟yyӯ
išān,šʾn
azbāy,ʾzbʾd
widāxt,wtʾh
dārē,YHSNNyӯ
azbāy,ʾzbʾ
zad,ztn
tanīgardīg,tn'krtyk
xšnāyišn,hšnʾdšn'
rāy,lʾdʾ
xwarrah,GDEʾ
dānā,dʾnʾ
tuwānā,twbʾnʾ
hamāg,hmʾk'
gētīg,gytyḵʾ
murwāg,mwlwʾk
xwāhēm,BOYHWNm
nibišt,npšt'
nēw,TWḆ
dōst,dwst'
ahlayīh,ʾhlʾyyh
passand,psʾn'd
spandyād,spndyʾt'
rōstam,lwst'm
nibišt,Y̱KTYB
tāzīg,tʾcykʾ
rawāgēnīd,lwbʾkynyt
xwāhīh,hwʾsyh
ānāft,ʾnʾp̄t'
wirēz,lʾc
saxwan,MRYAʾ
gāhān,gʾyhʾ
zofr,zwpl
wany,HP̱DN
čim,c
men,m
ayād,ʾḇyḏʾʾ
pāyram,pʾtlm
uzīd,ʾwcyt'
dūdag,dwtk'
abarmān,ʾp̄lmʾn'y
brahm,lhm
ristag,lystk'
brahm,blʾhm
ērang,ʾylng
dāšt hēnd,dʾšt HWEd
harg,hlg
petyārag,pytydʾlk
māzdēsn,mẕdys͟nʾ
paydāg,pytʾk'
gēhān,gyhn'
bālist,bʾlyst
harwisp,hlwsp'
būd hēnd,YHWWNt' HWEd
ahreman,ʾhlymn'
danišnīh,dʾnšnyh
zōfr,zwpl
xēm,hʾm
gumēz,gwmyc
sar,slʾ
wimand,wymnd
ēk ō did,ʾywk' OL TWḆ
paywast hēnd,ptwst HWE'd
dān,YDO
tā hamē,OD hmʾy
zamān,ẕmʾn'
abesīhānd,ʾp̄yshyn'd
ganāg,gnʾk
handāz,hndʾc
az,QDM
tā,QDM
čē,QDM
abzār,ʾp̄zʾlʾ
brēhēnīd,blyhynyt'
būd hēnd,YHWWNt' HWE'd
amenīdār,ʾmynytʾl
arawāg,ʾlwbʾk
anāgāh,ʾnʾkʾs
zufāyīg,zwpʾyk
āxēzist,ʾhcst'
wimand,wymn'd
payrūd,ptlwt'
murnǰēnīd,mwlncynyt
tag,t'k
tom,tm
dwārist,dwbʾlst'
kirrēnīd,klynyt'
niyāb,nydʾp̄
ardīkkarīh,ʾltykḵlyh
sahm,shmy
pūdag,pwtk'
wad,w
dušdāg,dwšdʾ
burzīd hēnd,bwlcyt' HWEd
wan,wn
burzīd,bwlcyt'
asōhišn,ʾswhšn
apōhišn,ʾp̄whšn'
bawē,YHWWNyӯ
agar,HT'
ardīg,ʾltyk
sārēnē,sʾlynyӯ
mān,mʾn'
dō,2ʾ
sūd,swt'
abgārīhā,ʾp̄kʾlyhʾ
drāyīd,dlʾdyt'
barēm,YḆLWNm
murnǰēnēm,mlncynm
hāzēm,hʾcym
adōstīh,ʾdwstyh
padist,ptst
burd,YḆLWNy͟t
hē,HWE'yy
murnǰēnīd,mlncynytn
padist,ptst'
burd,YḆLWNy͟t'
nišast,nšstn
pašn,pšn'
abganēm,LMYTWNm
kardan,OḆYDWNtn'
agārēn,ʾkʾlyn'
awēn,ʾwyn
wahmān,wʾhmʾn'
ardīg,ʾltyk'
ahunawar,ʾhnwl
yaθā ahū vairyō,yt#ʾhw wylywk'
wīst ud ēk,20 W#ʾywk'
xwēš,NPŠE'
agārīh,ʾkʾlyh
gannāg,gnnʾk'
abesīh,ʾp̄sh
apetyāragīh,ʾp̄tydʾlkyh
abōy,ʾbwd
ōbast,ʾwpst'
guft būd,gwpt' YHWWNt'
hanǰīd,hncyt'
šnūg,šnwk
sayist,ŠKBHWNst'
frazānag,plcʾnk'
nazdist,nzst'
dād,YHBWNt'
kard,krt''
menīd,mynyt'
hagriz,hklc'
ǰud pad,ywdt' PWN
brēhēn,blyhyn
rawāg,lwbʾk'
čār,cʾlʾ
kanār,knʾl
asazišnīh,ʾscšnyh
brēh,ḇlyh
ward,ywl
adānīh,ʾdʾn'yh
kōxšīd,kwhšyt'
frazānagīh,plcʾnkyh
apahlomīh,ʾp̄ʾhlwmyh
kanār,knʾlk
ak,ʾkn
dām,dʾmʾ
iz ī,c Y
ayāb,ʾyʾp
ayāb,'ʾyʾp̄k
abganīh,LMYTWNy
pēsīdag,psytk
ških,škyh
ōš,ʾ
nigūn,nkwn
čāh,cyhʾ
kan,HP̱LN
gētīg,gytyy
kirb,klp'
spēd,spyt'
stī,styy
abāyist,ʾp̄ʾst'
xwadāy,hwtʾk'
xwadāy,hwtʾk
abāyist,ʾp̄ʾst
syā,sydyʾ
ādurestar,ʾtwr'yst
ēwēn,ʾʾn
nēst,LO'YT
nazdist,nzdst'
gowišnīh,gwbšh
kirb,klpk
asar,ʾslk
yaθā ahū vairyō,ytʾ
bun,BRA
dahīhist,YHBWNyhst'
tārīk,tʾlyk
sad ud šast ud panǰ,100 W 60 W 5
xwāhr,hwʾhl
stahm,sthm
zofāy,zwpʾk
dušwār,dwšwʾl
brīn,blyn
dād būd hēnd,YHBWNt' YHWWNt' HWE'd
šaš,3
bar,YḆLWNtn
šaš,7
xwad,hwt'
mihōxt,mhtwht
akōman,ʾkwmn'
māzdēsn,mʾẕdys͟nʾ
frašgird,plškrt'
ardwahišt,ʾrtwhšt'
šahrewar,štrywr
amurdād,ʾmwrdt'
noh,9
ahlā,hlʾ
mānsarspand,mʾnslsp̄nd
yāzdah,11
nēryōsang,nylywsng
ratwō,ltpwk
berezīt,bylzyt'
sēzdah,13
čahārdah,14
frāy,plʾy
gōyōd,gwywt'
ahlišwang,ʾlšwng
šāzdah,16
pārand,pʾlnd
haftdah,17
xwāb,hwʾ
nōzdah,19
dādestān,dʾtst
pēšēmāl,pyšm
pasēmāl,psymʾl
dudīgar,dtyḵl
sidīgar,styḵl
kamāl,kmʾly
sāwul,sʾwwl
nāghēs,nʾhykyh
tarōmad,tlwmt'
tariz,tlyc
zariz,zylyc'
abārīg,ʾp̄ʾrykʾ
padist,PWN stycc
barēd,YḆLWNym
tarr,tlyh
šuhr,šwsl
homānāg,hmʾnʾk'
tarr,tlgy
daštag,dštk
homānāg,hwmʾnʾk'
wiškīdag,wškytk
būd,YHW
pāy,LGLE'
gabr,gwbl
čandišag,cndšk
be ō,BRA OLE
hangōšīdag,hngwšytk
hambūs,hn'bwšyn'
srešk,slšk
gōspand,gwsp̄ndʾ
tišn,tšn'
hudāg,hwdʾk
xwarg,hwlg
brāh,blʾh
ǰuwān,ywḇʾn'
sāl,sʾl
xāyag,AHLg
dēs,gʾs
xwēn,hwn
āhan,ʾhyn'
almast,ʾlmʾst'
andarōn ī,ʾndlwn' Y
āwahan,ʾwbʾhn'
drubušt,dlpwšt'
abāyist,ʾp̄ʾdst'
nihād ēstēd,HNHTWNt YKOYMWNyt'
ayāb,ʾywp'
mān,mʾnʾ
mān,KTLWN
pahnāy,pʾhnʾd
zahīh,zhyh
hamōg,hmwg
xub,hwp
sar,sʾl
padīrift,ptylpt'
drang,dlng
dwārist,dwbʾlstn
hišt,ŠḴWNt'
gurd,gwlt'
paymōxt ēstēd,ptmwht' YKOYMWNyt'
urwāhman,ʾwlwʾhmn
aškamb,KLS̱E
tazīd,tcyt'
miznē,mn'mnzny͟d͟y͟y
snēxr,snyhr
snēzag,snck'
nišēb,ʾp̄'
anabrāz,ʾnʾp̄lʾc'
winārd,wynʾlt'
se ēk,3#ʾywk'
saxt,sʾht'
sangsār,CCAẕʾl
se ēk,3#ʾyw'
brēhēnīd,blyhynyt
gard,ngltn'
āgand,ʾkn'd
narm,nym
gilak,tnslk'
waxšīd hēnd,whšyt' [HWEd]
rust hēnd,lwst' HWE'd
āhan,ʾsn'
rōy,rwd
gōgird,gwglt'
bōrag,bwlk
gač,gc
harwisp,hlwst'
ʾstdʾhl,ʾstdʾhl
hōmānāg,hmʾnʾk
kust,kwst'
grift ēstēd,OHDWNt' YKOYMWNyt'
ō mayānag ī,OL mdyʾnk' Y
rust,lwst'
pāy,pdyӯ
azg,ӯʾzg
pōst,ӯpwst'
xār,ӯhʾl
tarr,tl
wisp,wsp'
sardag,sltk'
zōr,zwl
urwar,ʾwlwlʾ
čihr,cyhʾl
ēwan,ʾʾwn'
angust,ʾngwst'
wēz,wyc
pad mayānag ī,PWN mdyʾnk' Y
bār,bʾlʾyh
dāitī,dʾytӯ
mayānag ī,mdyʾnk' Y
gayōmart,gʾywkmlt'
bār,bʾlʾ
dāitī,dʾyty
mayānag ī,mdyʾnk Y
hōy,hwy
ālag,ʾlk
dašn,dšn'
ēk az did,ʾywk' MN TWḆ
bālā,bʾlʾd
čašm,cšmʾ
gōš,gwšʾ
uzwān,ʾwzwʾ
daxšag,dhškʾ
hangōšīdag,hngwšytk'
zād hēnd,Y̱LYDWNt HWEd
xwāb,hwyӯ
zargōn,zlgwn
sad šast panǰ,100 60 5
māhīg,BYRHygʾ
sīh panǰ,30 5
nihād,HNHTWNt'
pād,NTLWNt'
mēdyōzarm,mytywkzlm
māh,MYA
panǰāh panǰ,50 5
mēdyōšim,mytywkšm
tērag,tylk
ard,ʾlt'
anagrān,ʾnglʾn'
pēdišah,pytyšʾh
pāy,pdӯ
wīst panǰ,20 5
ayāsrim,ʾyʾslm
haftād panǰ,70 5
mēdyārim,mytyʾylym
anagrān,ʾnʾglʾn'
truftag,tlwptk'
duzīdag,dwcytk
hamaspahmēdim,hmʾsp̄mʾdym
ham,hʾm
mardōm,mltwmʾn'
raft hēnd,lpt' HWE'd
truftag,tlwptk
panǰ,pn
ahunawēd,ʾhnwyt
uštawēd,ʾwštwʾyt'
spandmad,spytmt
wahušahr,whwštl
wahištōišt,whštwyšt
nihād ēstēd,HNHTWNt' YKOYMWNyt'
ēn,YWM
wahrām,wlhlʾn'
zāmyād,zʾmyʾt'
māraspand,mʾrsp̄nd
māhīg,mʾhykʾ
jah,y
nāmčišt,nʾmcšt'
nibisīhēm,Y̱KTYBWNyhym
hašt,yhbʾ
āgrift,ʾglpt'
ōyrišt,ʾwwlyšt
arduš,ʾldwš
bāzāy,bʾcʾy
yāt,yʾt
tanāpuhl,tnʾp̄whl
stēr,styl
stēr,stbyl
dram,ẔWẔN
kehist,kyhst'
tāwān,tʾp̄ʾn'
wešist,wyšst
šast,60
sad ud haštād,100 W 80
nēw,gwšsp
sōšāns,swšyns
farrobāy,flbʾy
narsē,nrsʾy
mēdyōmāh,mytwkmʾh
abarg,ʾp̄lg
bast ēstēd,bst' YKOYMWNyt
nasuš,nswš
dwār,dbʾl
pasušhōrw,pswšhwl
wišhōrw,wyšhwl
wohūnazg,whwnzg
tarrog,tlwk
rōγwīg,lwk'wyk
wind,wnd
pōzag,pwck
warāγ,wlʾg
karkas,klkys
ābustan,ʾp̄stn'
dō,TLYN
bar,YḆLWNy͟
sar,slwb'
hazzān,hzʾn
ō,ʾw
paywēšag,ptwyšk
kōdag,kwtk
hašt,TWMNYA
aburnāy,ʾp̄lwnʾd
nihuft,nhwp
marg,mlglcʾnyk
hēmōn,hymwn
dahlīz,dʾhlyc
awar,LPM
hād,HWEt
warr,wl
azabar ī,hcpl Y
hušk,hwšk'
azēr ī,hcdl
stān,YNSḆWNy
wistarg,wstlḵ
bālēn,bʾlyn'
hambun,hmbwn'
rēman,lymn'
taxt,tht'
kard,kl
taxt,tht
rēz,lycyn
sang,yʾnʾk
andar zamān,ḆYN zmʾn
šōy,šw
grift ēstēd,OHDWNt YKOYMWNyt'
sargēn,slgn'
ādurestar,ʾtwrstl
daštān,dštʾn'
sang,šng
bān,bʾn'
masāy,msʾy
xānag,hʾnk'
ē,yӯ
fragān,plkʾn'
mad ēstēd,mt' YKOYMWNyt
raf,lytʾӯ
xafag,hp̄k
rasan,lsn'
galōg,glwk
ōbast,NPLWNst
nišast ēstēd,YTYBWNst YKOYMWNyt
ōbast,NPLWNstn
tarūn,tlwn
tarun,tlwn
nasāy,nsʾy
garzag,klck
andarōn,ʾndlwn'
rōγn,MŠYA
andarōn,[ʾndlwn']
ud,[W]
xumb,hmbwn
hušk,hwš
ǰōrdā,ywltʾḵ
andarōn ī,ʾndlwn Y
garzag,glck'
māl,mʾl
šud ēstēd,OZLWNt YKOYMWNyt
ē,ʾӯ
garzag,glck
šuhr,šwsr
stān,YNSḆW
xišt,hšt
xāk,APLA
čārōg,cʾlwk
sargēn,slgn
ārd,KHMAd
ārd,ʾl
sāxt ēstēd,sʾht YKOYMWNyt
dēwār,dywʾl
burr,bw
gil,gl
brīn,PSKW
gač,gcy
bōdōzed,bwtwzyt
tab,t
marg,mlglcʾn'
sāxt,sʾh
stad ēstēd,YNSḆWNt YKOYMWNyt
bar,YḆLW
ǰīw,yyw
jum,jum
nō,TYŠYA
šabag,špk'
šōy,šwdyn
tuhīg,twhyyk
pāk,DḴYA
gumbad,gwmbt
wiškar,wškl
bē az,BRA MN
puxt,pwh
brišt,blš
abrōxt,ʾp̄lwhtn
ēud,I
xwarg,hwl
rēxt,lyhtn
pādyāb,pʾtyyʾp̄
burd,YḆLWNytn
apādyāb,ʾp̄ʾtyyʾp̄
andar awiš,ḆYN#ʾwbš
tehag,tyhk
daz,d
sōšyans,swšyns
kay,k'y
kay,ky
dārōnīg,dʾlwnʾḵ
pahikōb,ptkwp
zūzag,zwzk
hamrīt,hmlyt
petrīt,pytryt
petrīt,pytlyt
kard ēstēd,OḆYDWNy͟t YKOYMWNyt
abārīg,ʾp̄ʾryḵ
aškōb,ʾškwp
marg,mlglcʾn
dīd,HZYTWNt'
ǰumbēn,ywmby
rištag,lyštk
ǰumbēn,ywmbynn
pišag,pyšk
ōh,OL
šōyīšn,šwdšn'
dīd,HZYTWNt
any,AHRNy
ǰumbēnīd,ywmbynyt
tanābuhl,tnʾp̄whl
ō,KN
hambun,hʾmbwn
ǰumbēnīd hē,ywmbynyt HWEyӯ
pad rāh ī,PWN lʾs Y
čandēn,cndy
say,ŠKBHW
dōš,dwš
mad hēm,YATWNt HWEm
dārīšn,dʾlšn
ramag,lmk
xward ēstēd,OŠTENt' YKOYMWNyt
gumēxt ēstēd,gwmyht YKOYMWNyt
bē,by
nēw,gwgwšsp
hazzān,hzʾn'
arzān,I
zofāy,zwpʾd
zahag,zʾhk'
zofrāy,zwplʾd
mayān,myʾn
ēstād,YKOYMWNʾ
bē ka,BRA AMT
zyān,zydʾn'
kām,YCBE
drahnāy,dlhnʾӯ
ay,YATW
čē,cy
š(?),š
kešīd,kšytn
stad,YNSḆWNtn
mad ēstēd,mt YKOYMWNyt'
mēdyōmāh,mytywkmʾh
tar,LCT
say,ŠKBHWN
sāzēm,sʾc'm
atuwānīg,ʾtwbʾnyk
pūdag,pwtk
āwar,YHYTYWN'
kārd,kʾlt
namb,nmb'
wisān,wsʾn
wār,wʾ
wišōb,wšwpyn
murd,mwltk
xšwaxš,hšwhšmʾngwk
xšwaxš,hšwhšmʾngʾwk
xāk,AP̱LA
armēšt,ʾlmyšt
tad,t
pašm,pšm
keǰ,kc
abrēšom,ʾp̄lyšwm
pēčīd ēstēd,pycyt YKOYMWNyt
kard,
bōb,bwp
namad,nmt
bāliš,bʾlšn
čīd ēstēd,wcyt YKOYMWNyt
bāliš,bʾlšn'
ǰūd ēstēd,ywt YKOYMWNyt
rōbāh,lwpʾh
sargen,slgyn'
waččag,wck
xward bawēd,OŠTENt YHWWNyt
gušn,gwšn'
gugārd ēstēd,gwkʾlt YKOYMWNyt
han,hn
kah,kh
rubāy,lpʾd
murwārīd,mwlwʾlyt
yākand,yʾknd
parrēnag,plynk
wassad,wst
sag,sḵ
nāmčistīg,nʾmcštyk
kard ēstēd,OḆYDWNt YKOYMWNyt
zamīg,zmyḵ
srūwēn,slwb'yn
widest,wtst
ǰōbān,ywpʾn
parwast,plwst
xwast,YYPLHWNst
afšīd ēstēd,ʾp̄šyt YKOYMWNyt
mazg,mzg
anār,ʾnʾl
kulāf,kwlʾp
ast,ʾs
pahikōft,ptkwpyt
sēb,syp
ambrōd,ʾnblwt
mēwag,mywk
pazzāf,pzʾp̄
pazzām,pzʾm
pazzāf,pzʾp
panīr,pnyl
rēčār,lycʾl
šādurwān,šʾtʾwlwʾn
wistard ēstēd,wstlt YKOYMWNyt'
bōb,bwp'
šādurwān,šʾtʾwlwʾn'
gōšwār,gwšwʾl
mēxag,myhk
gōhrīd,gwhlytn
gumān,gwmʾn'
pēšyār,pyšywkʾl
čamišn,cmšn
ham,hn
baxsīdag,bhsytk
dar,BRA
apādyāb,ʾp̄ʾtyyʾp̄'
parrēz,ply
ay,ʾӯ
tāyag,tʾyk
zād,zʾ
nisēy,nsʾy
tāyag,tšyk
šust,HLLWNtn
nišast,nšst
ā,yʾ
gōn,gwn
wašt,wšt
sarmāg,slmʾk
šust,šwst
ōzan,Y̱ḴTLWN
ēg,ADYNyh
marz,ml
warr,LBWŠYA
gabrag,gwblk
yh,yh
aš,ʾʾš
abrōz,ʾp̄lwc
az pēš ī,MN LOYN Y
xwān,hwʾn'
padišxwar,ptšhwl
āhan,ʾsyny
šnūman,šnwmn
iθā ašəm vohū,iθā ašəm vohū
parwand,plwnd
buz,bwc
pašm,pšmy
mōy,mwdy
nax,nh
ā,yy
sarāsar,LOYŠE#ʾ LOYŠE
brīd ēstēd,PSKWNyt YKOYMWNyt
wišāy,ŠLYTW
dēbāg,dypʾk'
stabrag,stplk
parand,plnd
parnīgān,plnykʾn'
ēbyānghan,ʾyybyʾgyhʾn
pōst,pwsty
rūd ēstēd,lwt YKOYMWNyt
pambag,pmbky
šanēn,šnyn'
abrēšom,ʾp̄lyšm
dār,dʾly
šabīg,špyk
tūg,twk'
brīd ēstēd,blyt YKOYMWNyt
gawr,gwl
paymōxt ēstēd,ptmwht YKOYMWNyt
tūg,twk
nihuft ēstēd,nhwpt YKOYMWNyt
band,ASLWN
wišād,wšʾt
ē,yh
rēšag,lyšk'
sar,NYŠE
grih,gls
ē,ʾyy
mōg,mwk
xufs,HLMWN
pēš az,LOYN' MN
xwamn,ẔNE
srōšōčaranām,slwšwclnʾm
kard bawēd,krt YHWWNyt
pidar,Abytl
gētīg,stwplyt
pihw,pyhw'
grift ēstēd,OHDWNt YKOYMWNyt
abarag,ʾp̄lg
itā,ytʾ
ašem,ʾšmwhwk
wurrōy,HYMN
ē,ydy
gētīg,gyt'hlyt
kāmēm,YCBENm
āstawānīh,ʾstwbʾnyh
guft bawēd,gwpt YHWWNyt
gung,gng
ašem,ʾšm
ašem,ašəm
iθā,iθā
az ān ka,MN ZK AMT
tā ān ka,OD ZK AMT
hamēst,hmystk
čēgām,cykʾm
asēǰ,ʾsyc
ag,ʾk
wišgardīh,wškrtyh
tarsāg,tlsʾk
šōn,šwn
ēbārag,ʾdwʾlk'
sazīh,syc'y
yaz,YḎBHW
yašt bawēd,yšt' YHWWNyt
šōy,HLWN
āθrō,āθrō
mat̰ vīspaēibiio ātərəbiiō,mat̰ vīspaēibyo ātərəbyō
mōrčag,mwlck
hamēmāl,hmymʾlʾ
framāy,plmʾyn
uspurrīg,ʾwsp̄wlyk
abespārdan,ʾp̄sp̄ʾltn'
rad,ltʾ
abespārd,ʾp̄sp̄ʾlt'
bar,bʾl
marg,mlgʾlcʾnʾn
pad,PWN ptyt
marg,mlgʾlcʾn'
abespār,ʾp̄sp
ǰast,yst'
brīd,blytn
marg,mlgʾlcʾn
nimāy,nmʾdn
har čiyōn,KRA cygwn
ēd,ʾy
ǰast,yst
petīt,pt
niyōš,nywk
āwēn,ʾwyn
hāwand,hʾwnd
zardušt,zltwštʾ
paydāgēnīd ēstād,pytʾkynyt YKOYMWNʾt
abaxš,ʾp̄hš
wirāst ēstēd,wylʾst' YKOYMWNyt
nēryōsang,nylywsyng
sahē,MDMENydy
bast bawēd,bst YHWWNyt
tōz,twc
brēhēnīd,blyhynytn
plšwntn',plšwntn'
brēhēnē,blyhynydy
dār,d
čē,M
hil,ŠḆKWNy͟
kāf,kʾpyn
ōsān,ʾwsʾ
wizār,wc
kay,k'd
bōzīd,bwcyt
ē,ʾ
burz,bulc
xwēdōdah,hwytwkdt
wazaγ,wzg
wizārd bawēd,wcʾlt YHWWNyt
gazdum,gzdwm
wigān,kʾwn
ē,ӯ
petīt,ptyt'
wizār,pwlš
ay,ʾy
apetītīh,ʾptytyh
nē/be nē,bʾhl
aγrē,ʾγlyӯ
hašt,18
āsrō,ʾslwk
uzdehīg,ʾwcdhyk
dāšt ēstē,dʾšt YKOYMWNydy
zardušt,zltwhšt'
zardušt,zltwhštwk
āstawān,ʾstwbʾn'
hērbed,ʾ
pahikār,ptkʾ
mayān,mdyʾ
patīt,ptyt
kaštīg,kštyk
padwēšag,ptwyšk
frāz,plʾc
awāb,ʾp̄wʾp̄
xwarād,OŠTEN'ʾt
xwarē,OŠTENydy
dō srišwadag,2
āsn,ʾysnyt
hambast,hnbʾt
pāzag,p'ʾcwn
zēfān,zypʾn'
tasum,tswm
amahraspand,ʾmyhrspnd
niyōš,ndwkšyn
yazad,yẕdt
padīr,MKḆLWNt͟
niwēyēn,nwykyn
stāumi,stāumi
frašocarəθrąm.saošyantąm,frašocarəθrąm.saošyantąm
vīspå fravaṣ̌ayō aṣ̌āunąm yazaamaidē,vīspå fravaṣ̌ayō aṣ̌āunąm yaza[amaidē]
ka,MNW
tåsčā yazaamaidē,tåsčā yaza[amaidē]
aṣ̌əm vohū,aṣ̌əm vohū
dāmanąm,dāmanąm
aoxtō nāmanō u aṣ̌āt̰ hačā u yātumanahe u jasaiti,aoxtō [nāmanō] u aṣ̌āt̰ hačā u yātumanahe u jasaiti
ā,ʾmʾn
zīndag,zyndk'
maxš,mhš
šawāg,šwwʾk'
čāštag,cʾstk
drōn,OZLWNt
nihād,HNHTWN
nāwar,nʾp̄l
sidōš,stwš
ardāy,ʾltʾy
ēč,ʾyt
nihādom,nhʾtwm
ēbgat,ʾybgt
spand,spnd
dugdōw,dwkdʾw'
ē,100 30
dēw,ŠYTA
wināst,wnʾstn
dwārist hēnd,dbwlst HWEd
dānist hēnd,YDOYTWNst HWEd
mēdwag?,mdwk
hambaxs,hnbhsyn
hambaxs,hnbhs
dēw,dyp
mēz,my
gāhān,gʾsʾn'
widard,wtltk
sūdag,swtk
hād,hʾt
uštwad,ʾwštwpt
bēšāz,byšʾc
rōn,lwn'
ābus,ʾp̄ws
rēz,lyc
yaθā,yaθā
ahū,ahū
vairyō,vairyō
ē,ē
adādīhā,ʾdʾt'yhʾ
gōspand,gwspndʾ
adādīhā,ʾdʾtyhʾ
kušt,NKSWNt
tēx,tyẖ
kušt,kwšt
ōzanīh,ʾp̄zny
xar,hl
čihrāb,cyhlʾp̄
xrōs,hlws
kāsgēnag,kʾskynk
parastūg,plstwk
dīd,dytn
widard,wtl
āmurz,ʾmwl
āmārēn,ʾmʾly
freh,plyẖ
duwārsruǰīt,dwbʾslwcyt
nimūd ēstēd,nmwt YKOYMWNyt
ōwōn,ʾw'gwn
nō,HWMŠYA
gīr,OHDWNy͟
wāz,ʾywʾc
gawārag,gwʾlk
ī,ʾy
suft,swpt
suft,swp
kardan,OḆYDWNtn
gōgird,gwklt
sūd,swtn
handūd,hndwtn
parāhōm,plʾhwm
šabyār,šp̄yʾl
gumār,gwmʾlyn
wābar,ʾp̄l
kem,km
bēšāz,byšʾ
mard,GBRAʾ
paywand,ptnd
freš,plš
tāš,tʾš
freš,plyšn
ōft,NPLW
čagar,ckl
čahārdah,chʾldh
huspāram,hwspʾlm
frazand,pzn'd
handōz,hndwc
dāmdād,dʾmdʾt
gursnag,gwlsnk
ašem wohū,ʾšmwhwk
wigrād ēstēd,glst YKOYMWNyt
dāng,MZ
dādestān,gywʾk
sagādom,skʾtwm
wuzurg,wucwlg
wizīn,wcy
franām,plnʾ
xwast,hwst
ǰūd,ywtn
bay,bγʾ
baγ,bk
baγ,byštʾlyh
dranǰist,dlncst
rānēn,lʾny
ǰōy,YMRRW
srišwadag,slyšwtk
čahrušwadag,ctlwšwtk
panǰwadag,pncwtk
pāyēm,NTLWNm
zahāy,zhʾy
purs,pw
čihrōdād,cytldʾt
manuščihr,mʾnwyšcyhl
tāzānag,tʾcʾnk
afsān,ʾp̄sʾn
kirbag,krpkyh
awizīdār,ʾwcytʾl
ratuštāitīy,lʾtwštʾytyh
dužwār,dwcwʾl
guft ēstēd,gwpt' YKOYMWNyt'
dēn,dyn'ʾ
anāgāh,ʾnʾkyh
kark,klk
wināst,wynʾst
apattūg,ʾp̄twk
mōr,mwl
āšyān,ʾšʾ
mēz,myc
haft,ŠBA
wihān,whʾn'
išān,ʾyšʾn'
stān,YNSḆWNy͟
gōšōdāg,gwšwtʾk
duzz,ʾwc'
appar,ʾp̄l
zan,znʾ
yašt,YḎBHWNt
āwar,YHYTY
uzēnag,ʾwcynk'
tauua āθrō,tava āθrō
māraspand,mʾlʾspnd
padām,pdʾm
čehel yakom,40 1wm
pāsox,pʾshw'
ēst,yst
āstawān,ʾstwbʾn
čē ēwēnāg,ME#ʾdwynk'
čē ēwēnag,ME#ʾdwynk'
stāyīd,stʾyt
farrox,plhw'
frārāst,plʾlʾst'
pāšom,pʾšwm
ēmēd,ʾymyt'
pattāyēnīd,ptʾdynyt'
kun,OḆYDWNt͟
bōxt ēstēnd,bwht ystynd
rawāgēnīd hē,lwbʾkynyt' HWEy͟d͟y
čandīh,cndyh
nibišt,npštn
ōšmār,ʾwšmʾl
kirb,krpk'#
abespārīh,ʾp̄sp̄ʾlyh
nāf,nʾp̄'
xīndag,hyn'dk
ummēd,ʾwmyt'
guft ēstēd,gwpt' ystyt'
čehel ud dowom,40 2wm
ašāy,ʾšʾ
čirāγ,clʾg
tava āθrō,tava āθrō
šnūman,šnwmn'
pēš andar,LOYN' ḆYN
čehel hašt,40 8
pāy,pʾdy
čāštag,cʾštk'
nēst,LOYT'
pas,AL
nē,AL
pēš,AHL
ō pēš ī,OL pyš Y
padisār,ptysʾl
anaγrān,ʾnglʾn
dūr,dyl
ǰud az,ywdt' MN
amahraspand,ʾmhrsp̄
handāzīh,hndʾcyh
dig,dyk
parēr,plyl
padisārīg,ptysʾlyk
padisārīh,ptysʾlyh
gōwīh,YMRRWNyh
az ān ī čiyōn,MN ZK Y cygwn
čehel ud seyom,40 3wm
abarmān,ʾp̄lmʾnd
kard ēstēd,krt' ystyt'
spāhān,sp̄hʾn
driyōš,dlgwšʾ
abarmān,ʾp̄lmʾ
škōh,škwy
ēg,ʾyn'
handāxt,hndʾht'
tā ān kū,OD ZK  AYK
mad ēstē,mt' YKOYMWNy͟d͟y
framūd,plmwtn
nīrmad,nylmt'
passazag,psck'
ēmēd,ʾymyt
framūd,plmwt'
padēx,ptyhw'
niwēy,nwykyn
baxšēnīdārīh,bhšynytʾlyh
spurrīg,sp̄wlyk
niyābag,nydʾp̄k'
pāy,pʾdd
hmkws,hmkws
niyābag,hmkws
dah,ny
apaymānīg,ʾp̄tmʾnyk
ǰāmāsp,yʾmʾsp̄'
hwōwān,hwwʾn
abahr,ʾbʾhl
drust,drwdst'
iz ēk,c#ʾywk
bahrēnīd,bʾhlynytn
iz az,c MN
kirbag,klpk
padīrift,ptylptn
zīwist,zywstn
axwāst,ʾBOYHWNst'
hē,HWEy͟d͟y
sāl,swt'
māh,ms
čehel ud čahārom,40 4wm
hērbed,hylpt'
mādayān,mʾtydʾn
hammōz,hmwcyn
būd hēnd,YHWWNt'  HWEd
hammōxt,hmwht'
hāwišt,hʾwš
niyāz,nydʾc'
ast,AYT''
gōwīh,YMRRWNy
ōst,hlwst
pēšōbāy,pyšwpʾd
wizīd,wcyt'
pēšag,pyšk'
warm,wlmwyh
frāz az,prʾc MN
wisparad,wsp̄lyt'
hād,hʾt'
abādyābīh,ʾp̄ʾtyʾp̄yh
društag,dlwštk'
ā,ʾy
wattārīh,SLYtlyh
abesīhēn,ʾp̄shyn
frēzwānīg,plycwʾnyk
čehel ud panǰom,40 5wm
hišt,ŠḆKWNt͟
kard,OḆYDWNt'
handōxt,hndwht'
husraw,hslwb
astānag,ʾstʾnk'
čār,cʾʾ
ān ī,ZK#ʾy
azyān,zydʾn
sud,swt
hil,ŠḆKWNt͟
ayāb,ʾʾp̄yn
axwāst,ʾhwʾst
nabānazdišt,nbʾnzdšt
wind,wndyn'
wabz,ycyn'yh
wāstaryōš,ʾslwn
ōgārd,gwkʾlt'
frēzwānīg,plycwʾnyk'
dastwar,dastwbl
atuxšišnīhā,ʾtwhššn'yhʾ
zīw,ӯzyw
ōšnar,ʾwšnl
mādag,mʾt
gāhān,dhyšn
nihuft,nhwptn
tārīktar,tʾlyktl
wurrōy,wylw
jah,yh
wāzag,wʾcwk
grāmīg,glʾ'myk
wiyāxan,wyʾhn'
zīrak,ẕyl
hamēšag,hmyšk'
abar,mynytʾl
pahikōb,ptkwpt
drubušt,dlwpwšt
unknown,…k
dōst,dws
ēn,ẔN
aburnāy,ʾp̄ʾp̄wlnʾd
bizešk,b'cšk
bīm,bymk
se,4
gugārd,gwkʾltn
tuxš,thh
zyāngārtar,zydʾngltl
bāyist,bʾyst
āšōb,ʾšw
pānag,pʾnʾk
ōy,OL
xwdāy,hwtʾy
panj,pnc
niwist,nwstn
unknown,ʾwštʾp̄'t'd
widang,wtng
xēšm,hšmy
barēd,YBLWNyt
hunsand,hwnsn'd
šaš,5
čim,ym
bārestān,bʾlstʾn'
wizōhist,wcwhstn
xwāst,BOYHWNs
āzard ēstēd,ʾclt YKOYMWNyt
wiyufsišn,dwpsšn
kard ēstēd,krt' YKOYMWN'yt
frārōn,pʾlwn'
˚kard,krt
wāng˚,KALA
hišt,ŠḆKWN
ēmēd,sn'
frēb,ply
ast,lʾyt
pašēmān,pšymʾn'
wurrōy,wlwd
hunsand,hwsn'd
men,
kunē,OḆYDWNy͟d͟y
spōzē,spwcy͟d͟y
weh,yh
ōšnar,ʾwšn'l
zan,MHYT
pahrēxt,pʾhlyht
unknown,dstk
bāš,YHWWNʾš
dil,dl
brahmag,blʾhmk
uzmūd,ʾwzmw
zyāngārtar,zydʾnkʾltl
awištāb,ʾwštʾp
be,LA
tēmās,tymʾs
saz,spʾy
tuxš,twhšʾ
āfrīnīd ēstēd,ʾp̄ryn'yt YKOYMWNyt
paydāgēnīd,pytʾkynyt
awiš,ʾwš
ōšmurd,ʾwšmwlt
amā,LNT
dād ēstēd,dʾt YKOYMWNyt
māzdēsn,mʾzdsnʾ
šāyist,šʾstn
anāhōg,ʾnʾhwk
asōhišn,ʾswdšn
apōhišn,ʾpwdšn
apetyārag,ʾp̄tydʾlk'
afsēnīd,ʾp̄synytn
wišūd,šwtk
frēzbān,plycpʾn'
dēn,dʾnʾk
āgāh,sh
ašnūd ēstēd,ʾšnwt YKOYMWNyt
āstawān,ʾstwb'ʾn
ganǰ,gncwb
ōšyārtar,ʾšdʾltl
frēbēn,plypy
wardēn,wlty
nibišt,Y̱KTYBWNt
nibēsēm,Y̱KTYBWNm
dādestān,dʾnʾk'
wisp,wspʾ
frahang,plʾhngʾ
māzdēsn,mʾẕds͟n'
xān,hʾn'
axw,ʾhwʾ
abzōn,ʾp̄zwny
ōz,ʾwcʾ
purr,pwr
āsān,ʾsʾn'
pardāz,pltʾ
wāspuhr,wʾsp̄whlk
čim,cymy
nōg,nwk'
xwēšēnīdārīh,hwyšynytʾlyh
nirmad,nylmt'
wind,wn
abd,ʾp̄dʾ
māzdēsn,mʾẕds͟nʾ
wizārēnīd ēstēd,wcylynyt' YKOYMWNyt
ʾwgwn,ʾwgwn
gltyhʾ,gltyhʾ
dʾštʾlyh,dʾštʾlyh
asazišnīg,ʾsycšnyh
hamē,hmʾk
anōšagīh,ʾnwšk'yh
guft,YMRRWNt'
abaxšāy,ʾp̄hšʾ
frahist,plhst'
frahist,plhyst'
wizend,wzynd
handēšīd,lkʾrntn
ranǰ,lnc'
kār,gl
gumēzīh,gwmycyh
abestām,ʾp̄stʾm
anāgāhīhā,ʾnʾkʾsyhʾ
kem,kym
abestāg,ʾp̄stʾk'
iz nūn frāz,č KON prʾc
pad ēd rāyēnišn,PWN HNA lʾdynšn'
šahr šahr,štr' štr'
pāygōs pāygōs,pʾtkws pʾtkws
franaft,plnpt'
ī,ZK
wizōst,wcwst'
ēk andar did,ʾywk ḆYN TWḆ
hambasān,hnbsʾn
jud,ywdt'
gumān,ygwmʾn
pad hamāg čim,PWN hmʾk cym
būd hēnd,bwt' HWEd
āsn,ʾsn'
dād ēstēd,YHBWNt YKOYMWNyt
stāyīd,stʾdyt
aziš,ws
hamahl,
mizag,myck'
xēšm,ʾyšmy
namāz,OSGDM
hāmōyēn,hʾmwdyn'
bazag,bck'
ōft,NPLWN
guft ēstēd,gwpt' YKOYMWNyt
bar,YḆLWN'
ārāy,ʾlʾ
būšāsp,bwšʾsp'
akard,ʾklt'
wizīn,wcyn'
kun,OḆYDWN'
amahraspand,mʾrsp̄nd
āstār,ʾstʾl
mōg,mwk'
pēšārwār,pyšʾlwʾl
kešān,kyšʾn
mahist,msst'
xwāstag,hwʾstk'
appar,YHNCLWN'
dōst,dw
nibard,nplt'
hambāy,hmbʾg
gumār,gwmʾl
halag,hlk'
mastōg,mstwk'
niyāyišn,nydʾdšn'
ōstīgān,ʾwstykʾn'
ǰādag,yʾt'k
gōwīh,gwbyh
wistāx,wstʾhw'
anērang,ʾnʾylng
ēbgat,ʾybgt'
dranǰ,dln
hamahl,hm
sōg,swk'
ēwāz,
mān,mt'
drust,drwyst
ešnāsān,šnʾsʾn
weh,wyhʾ
āwēn,ʾdh
ayād,ʾḇyḏʾt'
anāzarmīh,ʾnʾclmyh
ešnāsīh,šnʾsyh
pād,pʾt
uzwān,DK
uzdēs,ʾwzdys
ēzagīh,yckyh
dūr,LHYK
pahrēz,pʾhlyc'
uzdēszār,ʾwzdyscʾl
kand hād,HPLWNt HWE'ʾt
būd hād,YHWWNt HWEʾt
āxēz,ʾhyc'
šāyist hād,šʾst' HWEʾt'
frayād,plydʾt'
ēč,ʾyc'
abr,ʾp̄l
afsālān,ʾp̄sʾlʾn
ārāy,ʾlʾd
wišōb,wšwp'
abādixšā,ʾpʾthšʾ
kirrēn,klyn
ahlā,ʾhlʾy
astwihād,ʾstwydʾt'
frazēšt,plʾӯzyšt
nizēšt,nzyšt'
xurdruš,hwldlwš
činwar,cnywl
sahm,sm
pād ēstēnd,NTLWNt'
hāmōyēn,hʾmwdyn
mayānǰīgīh,mdyʾncykyh
tarāzēnīdārīh,tlʾcynytʾlyh
pad,MNW
tarāzūg,tlʾcwk'
kē,PWN
ōgrā,ʾwglʾy
any,ZK
dahibedān,dhywptʾn'
dahibed,dhywpt'
kanīg,knyk'
an,ANE'
kard,krtn'
nišast hē,YTYBWNst' HWEyӯ
dāšn,dʾšn'
nazdīk,nzdyk'
pārag,pʾlk'
dranǰ,dlnc
an,ANE
kard hēm,krt' HWEm
būd hēm,bwt' HWEm
ahlaw,ʾhlw
āxrām,ʾhlʾm
purs,pwrsyn
sēǰ,syc
asēǰ,ʾsyc'
mad hē,mt' HWE'yӯ
āmad ēstēd,YATWNt'
āsāy,ʾsʾ
pēsīd,pysyt'
wider, wtyl
kzy,kzy
kzy,kzy(?)
kamāl,kmʾl
griy,BḴYW
šōn,šwn'
anāzarmīhā,ʾnʾclmyhʾ
borz,blcʾwndyhʾ
brām,blʾm
lābakkarīhā,lʾp̄k'ḵlyhʾ
kōxš,kwš
apattūgīhā,ʾptw'yhʾ
kōxšīd,kwšyt
lābakkarīh,lʾp̄kḵlyh
bay,bgʾ
ak,ʾkʾmk
azēr(?),ʾcyl
keš,kyš
duš,dwš
zišt,zyšt
zišt,zyšt'
duǰdēn,dwšdyn'
nišast hē,YTYBWNst HWEyӯ
paristīd,plstyt'
aspinǰ,ʾspnc'
anāzarmīg,ʾnʾclmyk
bast,ASLWNt
drō,dlwb'
dušmat,dwšmt'
dušhūxt,dwšhwht'
dušxwaršt,dwšhwwlšt'
aburzišnīg,ʾbwlcšnyk
aburzišnīgtar,ʾbwlcšnyktl
anāzarmīgtar,ʾnʾclmyktl
čašmagāhān,ʾcšmkʾsʾn'
nišast hēm,YTYBWNst HWEm
čašmagāhtar,ʾcšmkʾstl
gannāg,gnʾh
gilag,gylk'
ayāst,ʾḇyḏʾst'
āmurzēm,ʾmwlcym
wēnē?,HẔYTWNyӯ
drāy,dlʾ
gannāg,gnʾḵ
wattar,SLYAtl
āmad ēstēd,YATWNt YKOYMWNyt'
wattartom,SLYAtltwm
parward ēstēd,plwʾlt' YKOYMWNyt'
wiš,wyš
ī,W
gazdum,gcdwm
pargast,plgst'
handarzēnīd hē,hndlcynyt'  HWE'yy̠
pardaz,pldc'
aspinǰ,ʾsp̄nc'
kārdāg,kʾldʾkʾ
abāyist,ʾp̄ʾstn
šād,šʾt'
ātaxš,ʾthšʾ
gāw,TWRAʾ
xufs,HLMWN'
awarzīd,ʾwlcyt
anābādān,ʾnʾp̄tʾn'
gilistag,glystk'
xrafstar,hlpstlʾ
awērān,ʾwylʾn'
ābād,ʾp̄ʾtʾ
bīz,byt'
kirrēnīd ēstēd,klynyt' YKOYMWNyt
druz,dl
rōn,hmdwbʾlšnyh
uzdēszār,ʾwzdscʾl
anāg,ʾnʾkyh
nigān,nkʾn'
awērān,ʾwylʾn
šēwan,šywn
mōyag,mwdk'
az čē,MN ME
xwarxšēd,hwlšyt'
garōdmān,glwtmʾn'
azarmān,ʾzlmʾn'
abīm,ʾbym
sprahm,splhmk
nišast,nšst'
dušhumat,dwšhwmt'
tārīktom,tʾlyktwm
must,mwst'
ayāsīd,ʾḇyḏʾsyt'
wēnē,HẔYTWNyӯ
pādifrāh,pʾt'plʾs
snēxr,snyhl
wafr,wpl
kirrēn,klynyn
astuxān,ʾsthʾn
larz,llcyn
pad čē ēwēnag,PWN ME#ʾdwynk'
tāšīd,tʾšyt'
wišūd hēnd,wšwt HWE'd
baxt ēstēd,HLKWNt YKOYMWNyt'
wardēnīd,wltynytn
zurwān,zwlwʾn
adard,ʾdlt'
asōhišn,ʾswdšn'
apōhišn,ʾtyšn'
ēč kas,ʾyc' AYŠ
wišūd,yʾtw
bowandag,bwndk'
drōz,dlwcyyn
baγōbaxt,bḵwbht'
haft,7ʾ
dwāzdah,12ʾ
spāh,sp̄ʾhp
guft ēstēd,gwpt YKOYMWNyt'
abāxtar,ʾp̄ʾhtlʾ
tarwēn,tlwynn
abespār,ʾp̄sp̄ʾlyn
sah,MDMEN
kām,YCBEN
dād hēnd,YHBWNt' HWE'd
wardēnīd,wltynyt'
bēwarasp,bywlʾsp̄'
āb,ʾp̄'
parwānag,plwʾnk
enyā,ADYN
āhan,ʾsyn'
almāst,ʾlmʾst
xwān,KRYTWN
xōn,hwn'
mihōxt,mytwht'
ēk abāg did,ʾywk' LWTE TWḆ
baxt ēstēd,HLKWNt' YKOYMWNyt'
baxt,HLKWNtn
axtar,ahtlʾ
wāy,wʾd
uzēnag,ʾwcyn'
būd hēnd,YHWWNt HWE'd
nihuft,nhwpt'
iz rāy,c lʾd
gizistag,gcstk'
hammōz,hmwz
būd ēstēd,bwt' YKOYMWNyt
šāh,MLKAʾ
har ēwēnag,KRA#ʾdwynk'
gōwizār,gwwcʾl
agumān,ʾgwmʾn'
wiguftagīh,wgwptkyh
āγištag,ʾgyštk'
pēčīd,pycyt
ōwōn,ʾwgwn'
ah,ʾhw
handōxt ēstēd,hndwht' YKOYMWNyt
bīm,ybym
kas,AYŠʾ
armēšt,ʾlmyš
appurd ēstēd,YHNCLWNt YKOYMWNyt'
pādixšā,pʾthšʾyh
dād ēstēd,YHBWNt YKOYMWNyt'
must,ymwst
spōz,sp̄wc
ayār,hdybʾ
ǰādag,yʾtwk
framāy,plmʾd
kirbakkarān,krpk
ristag,lʾstk'
aband,ʾp̄ wyš
paymōz,ptmwcyn
čahār,cʾl
parwar,plwl
šāy,šʾdyn
arzah,ʾlzʾy
sawah,swh
fradadafš,plddpš
wīdadafš,wyddpš
wōrūbaršt,wʾwlwblšn'
wōrūǰaršt,wʾwlwclšn'
wizend,ywznd
mēwag,mywk'
raz,KLMA
mad ēstēd,mt' YKOYMWNyt'
yašt ēstēd,yšt' YKOYMWNyt'
may,mdy
hangēz,hngyc
waran,wln''
wizōst,wcstn
zarr,zl
sēm,symy
abrōz,ʾp̄lwcyn
frāy,plʾӯ
mizd,mzdw
ōšyār,ʾwšdyʾl
spōz,sp̄w
framušt,plmwšt'
bālēn,bʾlšn
sabuk,sp̄wk'
ān bahrag rāy,ZK bʾhlk lʾd
xōn,DMYA
ǰagar,ykl
wardēn,wltyn
pattūg,ptwk
framušt bawēd,plmwšt YHWWNyt'
bēš,by
būšāsp,bwšʾsp̄
akard,ʾkrt'
axwašīhā,ʾBSYMyhʾ
hušnūd,hwšnwt'
pambag,pmbk'
parnagān,plnykʾn'
handōxt ēstēd,hndwht' YKOYMWNyt'
daxšag,dhšk'
men,mynyn
pādixšāy,pʾthšʾdʾ
ārāy,ʾlʾḏ
axwēškār,ʾhwyškʾl
aǰgahān,ʾšghʾn'
tabāhīh,tpʾhyh
kun,OḆYDWNy
mehmān,mʾhmʾn'
afsōs,ʾp̄swsyh
hrōmāyīgān,hlwmʾykʾn
ērān,ʾylʾnk
ēriǰ,ʾylc'
kišt,ZLYTWNt
aǰgahān,ʾšgyhʾn
anarzānīgtom,ʾnʾlcʾnyktwm
aǰgahān,ʾšgyhʾn'
adādestān,ʾdʾtstʾn
ān bahrag rāy,ZK bʾhlk' lʾd
hamwār,hʾmwʾl
andak,ʾndk'
men,mn'
pādifrāh˚,pʾtplʾs
āsāy,ʾsʾy
brēhēnīd ēstēd,blyhynyt' YKOYMWNyt'
ahy,KZY
zamān,yẕdʾn
brēh,blyh
kōxšīd,kwhšytn
dilērtar,dlytl
brēhēnīd ēstēd,blyhynyt YKOYMWNyt'
wihānag,bhʾnk'
āyaft,ʾdypt'
baγōbaxt,bʾgwkbʾht'
paydāgēn,pytʾkyn
anarzānīgān,ʾnʾlcʾnykʾn
tuwān,twbʾny
šnās,šn
hammōz,hmwzyn
hōšyang,hwšʾng
pēšdād,pyšdʾt'
būd hēnd,YHWWNt
windād,HŠKHWNt
frahist,plhst
anespās,ʾnsp̄ʾs
būd hēnd,bwt HWE'd
dād hēnd,YHBWNt HWE'd
pursē,pwrsyӯ
andar āwām āwām,ḆYN#ʾwbʾm#ʾwbʾm
gayōmart,gʾywmlt'
ōzad,ʾwctn
kard,krtʾ
nārīg,nʾlyk
ayōxšust,ʾywkhšwst
pēš,pyšdʾt'
māzandar,mʾcndl
murnǰēnīd,mlncynt
tahmurib,thmwlyt'
druwand,dlnd
ǰamšēd,ymšyt'
wiwanghān,wywnghʾn
apetyārag,ʾp̄ytydʾlk
kard hēnd,krt HWE'd
malkus,mlkwsʾ
ārāy,ʾlʾdyn
duǰdānāg,dwšdʾnʾk
ōbārd ēstād,ʾwpʾlt' YKOYMWNʾt'
aškom,ʾškwm
azdahāg,ʾcydhʾk'
gizistag,gcystk'
bēwarasp,bywlʾsp̄
frāsiyāg,plʾsyydʾk
dād hē,YHBWNt HWE'yӯ
mad hē,mt HWE'yӯ
šāyist hē,šʾst
bast,ASLWNstn
māzandar,mʾzndl
manuščihr,mʾnšcyhl
ōzad,MHYTWNt
bun ī guzag,bwn Y gwck'
grift ēstād,OHDWNt YKOYMWNʾt
kayānse,kʾnsʾy
frāsiyāg,plʾsyydʾk'
spurd,splt'
kawād,kwʾt'
sām,sʾʾm
srū,slw
kabōd,kpwt'
pašan,pšn
āb,ʾp̄y
gandarw,gndlp
kamag,kmk'
petyārag,pytydʾlk'
pargast,plhst'
petyār,pytydʾlk
mānd hē,KTLWNt' HWE'yӯ
šāyist hē,šʾst' HWE'yy̠
kand,HP̱LWNtn
winārd,wynʾltn
diz,dc'
luhrāsp,lwhlʾsp̄'
ūrišlem,ʾwlyšlym
ǰahūd,yhwtʾ
kand,HP̱LWNt'
pargand,plgn
brēhēnīhist,blyhynyhst'
bay,bk
ēwāz,ʾywʾc'
abesīhēnīd,ʾp̄sʾdynytn
škast,škstn
ēmēd,ʾdmyt
arzān,ʾlcʾn'y
rāmēnīd,lʾmynyt
wixšay,whš
anummēdtar,ʾnʾwmyttl
wixšay,w
enyā,ADYN'
spihr,sp̄yyhl
pad,pʾnktl
pānag,pʾnk'
pad,nkylšntl
apassandišnīgtar,ʾpsndšnyktl
ārāy,ʾl
artēštār,ʾltyštʾlʾ
wāstaryōš,wʾstlywšʾ
weh,wn
padēxēnīdan,ptyhwynytn'
hutuxš,hwtwhšʾ
kār,kʾlʾ
pēškārān,pyškʾlʾn'
kār,Y
must,ymwst'
hašāgird,hšʾkrtʾ
abāg pad,LWTE PWN
anāwāmīh,ʾwbʾmyh
uzwān,ʾwzwʾn'
wiftag,wyptk
xwēdōdah,hwytwkdʾt'
stūr,stwl
škennēd,TBLWNyt
babrag,bplk'
uzdēs,ʾwzds
paristīd,plstytn
nigāh,nkʾs
nakkīrā,nkylʾӯ
druwand,dlng
anespāsīhā,ʾnsp̄ʾsyhʾ
zandīkīh,zndykyh
duz,dwc
wīst ud yak,21
wīst ud dowom,22wm
wīst ud seyom,23wm
wīst ud čahār,24
wīst ud panǰ,25
anespāsīh,ʾnsp̄ʾsyhʾ
wīst ud šaš,26
anāst,ʾnʾst'
wīst ud haft,27
wīst ud hašt,28
wīst ud nohom,29wm
wihān,bhʾn
gumān,ygwmʾn'
gizistag,gcystk
pānzdah,pʾncdh
šāzdah,šʾnzdh
haftdah,hp̄tdh
arešk,ʾlyšk'
haštdah,hštdh
nōzdah,nwzdh
wīst,wyst
aǰgahān,ʾšyghʾn
xwār,hwʾʾl
arešk,ʾlyšk''
dōš,d
sīh ud yak,31
mihrōdruǰ,mtrʾwdlwc
saxt,sht'
sīh ud dowom,32wm
sīh ud seyom,33wm
kārdāg,kʾldʾk
čē rāy ka,ME lʾd AMT'
xwābar,hwʾp̄l
gugāy,gwkʾdyyh
anāzarm,ʾnʾclm
nišāst,nšʾstn
rāmēnīd,lʾmynytn
wihānag,whʾnk'
arešk,ʾlyškk
pad ēč rāh,PWN#ʾyc lʾs
hūxt,hw'ht
pid,pt
awestād,ʾwstʾtʾ
pad ēč dar,PWN#ʾyc BBA
bar,ybl
wahāg,whʾk
xrīd,ZḆNNtn
gētīg,gytydy
hušnūd,hwšnw
abaydāgīh,ʾp̄ytʾkyh
drōš,dlwš
škaft,škpt
sūd,ӯswt'
kōšīd,kwšytn
frazand,przndʾ
anespāsān,ʾnsp̄ʾsʾn
anarzānīgān,ʾnʾlcʾnykʾn'
niyōxš,ndw
dōš,dwšk
rast,lstn
puštībānīh,pwštpʾnkyh
gurd,gwlt
spar,sp̄l
wazr,wzl
kamān,kmʾn
ābdast,ʾp̄dst
winārd ēstēd,wynʾlt YKOYMWNyt
winār,wynʾl
apetyāragtar,ʾp̄tydʾlktl
xāyag,hʾdkyhʾ
xāyag,hʾdk'
xāyag,hʾdk
arzah,ʾlzẖ
nixwār,hwbʾl
sawah,swẖ
pūdīg,pwtyk
warkaš,wlkš
harborz,hlbwlc
wēz,wyc'
hāmīn,hʾmyn'
tāb,tʾp̄s
zamestān,ẕmstʾn
wasyār,wsykʾl
gyāg,gywʾkʾ
rōstāg,lwstʾkʾ
dranǰ,dlncyn
mōyag,mwdk
gōbed,gwpyt
kū gyāg,AYK gywʾk
freh,plh
gumān,gwmʾ
apattūgīh,ʾp̄twkyh
spazg,spzgʾ
kēn,kynw
xēšmgenān,ʾyšmkynʾn
tāg,tʾk'
baxt,bht'
pādixšā,pʾt'hšʾ
kāh,kʾhy
nišēm,nšym
mōzag,mwyck'
stārag,stʾlk'
stāragān,stʾlkʾn'
bahr,wʾhl
zamīg,ẕmyk'
mardōm,mltwmʾn
škast,TBLWNstn
haftōring,hp̄twklng
nō ud nawad ud nō,9 W 90 W 900 W 9000 W 9
sad ud nō,bywl
spihr,spyhl
kadag,ktk'
anōšmār,ʾnʾwšmʾl
gētīg,gyty͟d͟yʾ
arōyišnīg,ʾlwdšnyk
rōzēnīdārīh,lwcynytʾlyh
pazzāmēnīdan,pzʾmynytn'
harwispīn,hlwstyn'
wahār,bhʾl
pādēz,pʾtyc
wihēzag,wyhyck'
farrag,plg
adānāgīh,ʾdʾnʾkyh
armēšt,ʾlmyšt'
šnōmag,šnwmkʾ
kāhēnīd,kʾhynytn
any kas,AHRN' AYŠ
kōxš,kw
tuxšīd,twhšytn
adānīh,ʾdʾnyh
staft,stpt'
tag,tk'
māl,mʾ
giyāh,gӯʾhky
kaft ēstēd,kpt' YKOYMWNyt'
ādarōg,ʾtlwk'
ēbārag,ʾdypʾlk'
pargast,plkst'
ǰast ēstēd,yst' YKOYMWNyt'
abandīh,ʾp̄ ndš
anabzār,ʾnʾp̄zʾl
ēranǰ,ʾylncyn
az ān bahrag rāy,MN ZK bʾhlk' lʾd
hamahl,hmʾhlʾ
šarmgenīh,šlmkynyh
abesīhēn,ʾp̄syhyn
drayā,dlydʾʾ
hangēxt,hngyht
rāyēn,lʾdynʾ
nišēm,nšdm
awestām,ʾwstʾm
wār,bʾ
zīwēnīdār,zywynytʾl
zīwēnīdārīh,zywynytʾlyh
harborz,hlbwlc'
būd hēm,YHWWNt' HWEm
āwām,ʾwbʾ
nišāst,šʾstn
gursag,gwlsḵ
hannām,hnʾm
dwlʾnʾlyh,dwlʾnʾlyh
kunīh,OḆYDWNyhyn
rang,lng
mizag,mck
baxt ēstēd,HLKWNt
paydāgēnīd,pytʾkynytn
haft,hp̄t'
azabar,ʾcpl
fraward,plwlty
kard ēstēd,krt'
baxt ēstēd,HLKWNt' YKOYMWNyt
āb,
srešk,slyšk'
mēnōg,gytyḵʾ
kālbod,kʾlpt'
abaydāg,ʾpytʾk
kunīh,OḆYDWNyh
dard,dlt'
xwadāy,hwtʾyʾ
weš,wyš
windād,HŠKHWNt'
frēb,plypyn
xōg,nywk'
warišn,blšn'
ēstē,YKOYMWNyӯ
wadaγān,wtkʾn
zarduxšt,zltwšt
niyōxšīd,ndwkhšyt'
wiyābīhist,wydʾp̄yhst'
škenēm,TBLWNm
gugānēm,gwkʾnm
nigūnsār,ngnysʾl
parīg,plykʾ
čāšt,cʾšyt'
stard,st'lt
kard būd,OḆYDWNt' YHWWNt'
burzīd,bwlcytn
sūd,ӯswt
āsrōn,ʾslwnʾ
framōšīdārīh,plmwšytʾlyh
sūdag,ʾswtk
anabaxšāwandīh,ʾnʾp̄'hšyšwndyh
dahīgīh,dʾyh
abar,ʾp̄ltn'yh
anespāsīh,ʾnsp̄ʾsyh
pahikaf,ptkp
zan,NYŠEʾ
asp,ʾsp̄ʾ
dad,dtʾ
abrōz,ʾp̄lwc'
pid,pt'
unknown,wmyhkn'
borz,bwlc
ramag,lmkʾ
čihrāb,cyhlʾp̄'
kū gyāg,AYK
xar,HMRA
rust ēstēd,lwst YKOYMWNyt
šāh,šʾ
kar,kl
āšyān,ʾšyʾn
čināmrōš,cynʾmlwš
ōšastar,ʾwšstl
nazdīk ō,nzdyk OL
wizēntar,wcyn'tl
pēšānsē,pyšʾnsy
nazdīk ō,nzdyk' OL
damāwand,dmʾwnd
drūn,HCDLWN
giyāh,gwwʾy
dramanag,dlymk
nō ud nawad ud nō,9 W 90 W 900 W 9000 W 9bywl
gumārd ēstēnd,gwmʾlt' YKOYMWNd
wināh,wnʾsyn
arzah,ʾlzhy
yōǰdahr,ywšdʾsl
gumārd ēstēd,gwmʾlt' YKOYMWNyt'
ward,glt
wak,wk
gōbed,gwpyt'
abesīh,ʾp̄syh
hamē ka,hmʾy AMT
ōsān,ʾwsʾn
čamrōš,cynʾmlwš
čīn,cy
pargan,plg
harwispīn,hlwstyn
stānād,YNSḆWNʾt'
wārād,wʾlʾt'
kirb,krpk
gāh,AYŠ
baxt,bwn
zādisparam,zʾt'sp̄lm
juwān,ywḇʾn'ymʾn'
juwān,ywḇʾnymʾn'
spēnāg,sp̄ynʾk'
gannāg,gnnʾḵ
azēr,ʾcyl
wišād,wwšʾ
frōd,plwntn'
tēx,tyhI
gōhr,gwhʾl
tuxšīd,twhšyt'
ōwōn,ʾwgwnʾ
kāmgārīh,kʾmknʾlyh
tār,tʾlʾ
šahr,wštr
yazad,yẕdty
abgand,LMYTWNt'
andar ō,ḆYN#ʾw
bālist,blyst'
ārāst,ʾlʾst'
padistād,ptystʾt'
drāyīd,dlʾdt'
zanēm,MHYTWNm
spenāg,sp̄ynʾk
passoxēnīd,pʾshw'ynyt'
ī,yk
bē az,BRA hc
pad,PW
hazār,hcʾl
bun,BOYHW
ārāy,ʾlʾyh
afrazām,ʾplcʾm
kardan,OḆYDWNt'
ahunawar,ʾdwnwl
ačār,ʾcʾl
bun,bndhdy
way,wwʾd
ā,ʾʾ
nimāyīh,nmʾyh
kirbakkarān,krpkḵlʾn'
wināh,wnʾsk
mādayān,mʾtydʾn'
abzāyēn,ʾp̄zʾdy
wizārīh,wcʾly
petyāragomandīh,pytydʾlkʾwmndyh
anāgāhān,ʾnʾkʾsdʾn'
niyāz,nydʾcy
xwad,NPŠE
frašgird,plškrtʾl
awattarīh,ʾSLYtlyh
wisp,wsp̄'
awehīh,ʾŠPYLyh
bazakkarān,b'ckḵlʾn'
ayār,hdybʾlyh
ēk abāg did,ʾywk' LWTE Ḇ
pargand,plḵn
hammis,KHDE'
drang,dln'g
pad abar,PWN QDM
miǰ,myc'
ēk pad did,ʾywk' PWN TWḆ
afrāz,ʾprʾc
star,stlʾ
ēstīd hēnd,YKOYMWNyt' HWE'd
awazišnīg,ʾwcšnyk
nigerīd,nkylyt'
ačandišnīg,ʾcndšnyk
arawišnīg,ʾlwbšnyk
ādūg,ʾtwk'
bun,bw
wizāy,wyzʾ
ēst,ys
būd hēnd,bwt' HWE'd
zurwān,zwlwʾny
past,pst'
ēwēnag,ʾywynk'
wazag,zk
syā,nkyhʾ
ādurestar,ʾtwr'ʾstly
burd,bwlt'
zay,zʾȳ
suy,swd
padistād,pt'ystytn'
frazāmēnē,plcʾmynyt'
zūr,zwʾl
tuhīg,twhhyk
āhixt,ʾhht'
andar,nyl
rōšn,lwšnʾ
taz,tc
dāšt,dʾštn'
rasīd,YHMTWNʾt
nēm,nymlwc
tarsīd,tlsyt'
larz,llc
sūrāg,swlʾk'
wizand,ʾwznt
āmad,YATWNyt
pay,pyӯ
anazg,ʾnʾzg
apōst,ʾpwstk'
pad ham,PWN hm ODNAk
huškīd,hwšk'
gāw,TWRAd
dāitī,dʾytyӯ
ēstād,ystʾt'
dūr,LHYḴ'
mang,mng
bang,bng
mušt,mwšt
bazag,wcgʾnӯ
ašādīh,šʾtyh
ālag,ʾlk'
widard,wtlt'
xwē,hwyy
xwē,hwyӯ
yatā,ytʾ
ahū,hw
wēryō,wylyw'
ah,ʾh
gazdumb,gycdwmb'
wazag,wzg
xrafstar,hlwstl
andarwāy,ʾndl'wʾd
ēstād hēnd,ystʾt' HWE'd
hām,hʾm'
sōzan,swcn
xrafstar,hlwpstl
abāxtar,ʾp̄ʾhtly
ǰuxtīh,ywht'yh
čahār,4ʾ
dēs,dʾš
azdahāg,ʾcdhʾk'
wēhmīh,wyyhmyh
škeft,škypt'
γarrān,glyn
māzanīg,mznʾgʾ
tār,tʾly
dūd,dwt'
gōšurō,gwšʾwlwn
ruwān,lwbʾnc
widard,wt'ltʾ
pad ān homānāg,PWN ZK  hwmʾnʾk'
hazār,hcʾlk
pad āgenēn,PWN#ʾknyn'
garz,glcyn
az pēš,MN pyš
pāsbānēnīd,pʾsp̄ʾnynyt'
gumēxt,gwmyh
az pas,MN AHL
hišt,ŠḆḴWNt͟y
balist,bʾlyst'
āhōgēn,ʾhwkyn
sē ēk,3 ʾywk'
ānāb,ʾnʾp̄
dārīh,YHSNNyh
menīd,mynt'
škast,škst'
āhōgēnīd,ʾhwkynyt'
suft,swpt'
wināhīd,wnʾsyt'
hōšēnīd,hwšynyt'
margēnīd,mlgynyt'
wēmārēnīd,wymʾlynyt'
rōšn,lyšnʾ
grift,OHDWNtn'
mānd,mʾn'd
ēwtāgīhā,ʾywtʾkyhʾ
uzwārd,ʾwzwʾltʾ
yask,yskʾ
xwad,BNPŠE'
š,s
wēmārēn,wymʾlynyn
margēn,mlgynyn
nēw,TḆk'
brēhēnēm,blyhyn'm
baxš,bhš
pad ān čim,PWN ZK cym
uzīd,ʾwcytn
ayāft,ʾyʾp̄t'
raft,lp̄t'
dām,dym
karzang,klcng
xwānīh,KRYTyh
baxšīh,HLKWNy
kēwān,kywʾn'
mēx,ms
pad ō,PWN OL
tarāzūg,tlʾcwk
wahīg,wʾhyk
nišēb,nšyyp̄'
ōbast,ʾwpšt
widard,wt'lt'
ēst,ʾst
padisārīg,ptsʾlyk'
dranǰēnīdan,dlnc'ynytn'
arwand,HLKWNd
ayōxšutēn,ʾywkšwstyn'
paymōxt dārēd,ptmwht' YHSNNyt'
hē,yhʾ
burz,bwlc'
staft,stptn'
xrōs,glws
āmad hē,YATWNt' HWEy͟d͟y
pēramōn,pylmwn'
ašō,ʾšwk'
ašō,ʾšwk
pēramōn,pylmwn
aswār,ʾspbʾ
zēndān,zyn'dʾn
bunīg,bwnyk'
ayāft,ʾʾp̄t'
abar,MDMENšn'yhʾ
ōšmārd,ʾwšmʾlt'
mad hēnd,mt' HWE'd
zīndag,zywndk'
dārād,YHSNN'd
z,c'
azīndagīh,ʾzywndkyh
ōzanād,YKTLWNʾnd
abārīg,ʾp̄ʾryk'
wattomīh,wt'twmyh
abēsīh,ʾp̄
āb,ʾs
karzang,ḵlcyng
spīg,spyk'
azarag,ʾclk'
xwānīh,KRYTNyh
ul,ʾwl
āmad,ʾmt
karzang,ḵlcng
māhīg,BYRHyk'
fraward,plwlt'
dārīhist hēnd,dʾlyhyt' HWE'd
wazīd,wcyt'
hišt,ŠḆKWNy͟t
srešk,slyškʾ
tašt,tšt'
āhanǰīh,ʾhncyh
zanīhist hēnd,MHYTNyhst' HWE'd
nihang,snӯ
āhūnīg,ʾsnyk
šud hēnd,OZLWNt' HWE'd
mōg,mwknʾ
ǰumbēn,ywmbyn
ǰumbēnīd,ywmbynyt'
wāyīd,wʾyt'
mušt,mwšt'
zrēh,zlyyh
frāxkard,plʾhwkrt'
dahīhist,dhyhst'
čašmag,cšmk'
xwānīh,K'LYTNyh
rēzīh,lycyh
xānag,hʾn
aswār,ʾsbʾlyh
asp,ʾsp'
tāzīg,tʾcyk'
pērāmōn,pylymwn
gard,glt
taz,t'c
ayāb,ʾyʾp̄
hazār nō,1000 9
sad ud wīst,100 W<W> 20
aγrē,ʾklyy
kamist,kmbst'
murd hēnd,YMYTNt' HWE'd
apōš,ʾp̄ʾwš
nibard,plt'
paywahīd,ptyhyt'
yasn,ʾzyn'
uštar,ʾwštl
nāydāg,ʾywtʾk
hanāyēnd,hnʾyynd
rānēnīd,lʾnynyt'
ǰām,yʾm
widest,wyšӯst
wārānēnīd,wʾlʾnynyt'
ātarš,ʾtlš
wāzišt,wʾzyšt'
spanǰagr,spn'cgl
spanǰagr,sp̄ncgl
rīn,lyn'
tēz,tp
widāzīhist,wtʾcyhst
baxšīhist,HLKWNyhst'
pūdīg,pwytyk'
kamrōd,kmylyt'
syāw,sydʾw'
pūdīg,pwytyk
drayāb,dlydʾp̄'
ōgār,ʾwkʾl
paywast,ptw'st'
āmad,YATWNd
purr,pwhl
pāymār,pkyn'
taz,tcyn
sadwēs,stwsʾ
āhang,ʾhng
ān,MN
āhang,ʾhn'g
pahlūg,pʾhlwk'
ayōǰdahrīh,ʾywšdʾslyh
wād,ʾtwr'
buland,wlnd
ardwīsūr,ʾldywyswl
tazēnīd,tcynyt'
diglīt,nkylyt'
rōz,lwt'
šud,šw''t
gašt hēnd,gšt'
āmad hēnd,YATWNt' HWEd
čašmag,cšm
wišāyīhist,ŠLYTWNyhyt'
čēčast,cycst
zofr,zwl
garmōg,glmwk'
āb,ʾt
gid,wyt
sūwar,swwl
grīw,glyw'
pāk,pʾk'
grad,glt
kust,kwstʾ
ayābīh,ʾyʾp̄yh
andar ō,dyn' OL
sūd,swty
ardīg,ʾltyḵ'
zīnēnīdan,zynyynytn'
kanār,nkʾl
gird,gl
hazār dō,1000 2
sad čehel čahār,100 40 4
u,š
š,AP̠
dād ēstād,YHBWNt' YKOYMWNʾt'
wizandag,wzndk'
nīšīd,nyšyt'
draxt,dlʾht'
widārīhist,wtʾlyhst'
bandīh,bndyh
winārīhist,wynʾlyhyt'
rag,lk
dil,ḏyl
sad,1000
abarsēn,ʾp̄lsn'
abarsām,ʾp̄lsʾm
sagestān,sgystʾn
pahrag,phls
mušt,mwštn
wisist,wysst'
ēwāz,ʾywʾc''
darrīhist,SDḴWNyhyt'
xwānīhist,KRYTNyhst'
kiš,kyš
abēsar,ʾp̄ysl
kōxšīhist,kwhšyhyt
xwurd,hwwlt'
kōst,kwst'
abāg,LWTE'
waxš,whšš
paydāgīhist,pytʾkyhst'
sardag,sltm'
waxšīd hēnd,whšyt' HWE'd
payrāst,ptlʾst'
sardag,sltk
waxš,whšyyn
āšyān,ʾšdʾn'
parwāz,plwʾc
wārīh,wwʾlyh
hamēstār,hmӯystʾl
zarmān,zlmʾn'
zīndakkar,zywndkḵl
anōšakkar,ʾnškḵl
zīndag,zywndkʾ
ham čiyōn,hm cygwn
panǰāh ud haft,50 W 7
ǰōrdā,ywltʾk'
čiyōn,cyg
waxšīd,whšyt'
abzāyēn,ʾp̄zʾdyn
paššixt,pššt'
girgir,nylwtl
kunǰid,ŠMg
ālun,ʾlwn'
miǰūg,mšwk
abzāyēn,ʾp̄zʾdynʾ
kōdak,kwtk'
urwar,ʾwlwly
drust,drwyst'
wēnīg,wynyk
māš,mʾyš
gēnōg,gwnk'
wēnīg,wynyk'
suš,swš
spandān,gwsp̄ndʾn'
bēšazēnēd,byšzynyt'
az,ZNE
bun,bn
ābīšan,ʾp̄yšn'
gand,gnd
māh,myh
burd,YḆLWNt͟y
nigāh,ngʾs
pālūd,pʾlwt'
gyān,yʾn'ʾ
brēhēnīd,blyhynytš
ǰuxt,ywht
tā be ō,OD BRA OL
sad ud haštād ud dō,100 W 80 W 2
drahnāy,dlhnʾk'
aγrē,ʾklyӯ
pāy,pʾdyʾ
raft hēnd,SGYTWNt' HWE'd
šnāzīd hēnd,šnʾcyt' HWE'd
wazīd hēnd,wcyt' HWE'd
dō,2 2
gušn,gwšʾn
hil,hl
ǰuxtīhist,ywyhst'
ābust,ʾp̄wst
māhīg,mʾhyk'
šnāz,šnʾc
gānag,kʾn'k
panǰ,pnc'
unīg,ʾwnyk'
wāy,ʾd
čarag,clḵ
pah,KRHA
unīg,ʾwnyk
samōr,šmwl
mušk,mwšk'
hāmōyēn,hymw'dyn'
frāx,plʾhw'
dad,dt'
dast,dst'
āmōg,hmwk'
čarag,clk'
baxt,HLKWNt'
sumb,swmbʾ
sumb,swmb'ʾ
uštar,ʾwšt'l
buz,bwc'
mušk,mwšk
pānzdah,10 5
sad dah,100 10
dah,1
gōkān,gwkʾn'
ōšmurd,ʾwšmwlt'
apaydāg,ʾpytʾk
sad haštād dō,100 80 2
kūč,kwc
wālēnīd,wʾlynyt'
kār,ZLYDWN
pargēnēd,plkynyt'
nibēg,npyk'
ōšmurišnīh,ʾwšmwlšnyh
hangird,hnglt
hangird,hngltyk
nimāyīh,nmʾdyh
tāzīg,tʾcyḵ'
zard,zlt'
astar,ʾstl
xašēn,hšyn'
pēsag,pʾyg'
gawazn,gw'ʾzn
gāw,gʾw
palang,plng
dumb,dwmb'ʾ
adumb,ʾdwmb'
tagal,tgl
kurušag,kwlwšk'
hē,hy͟d͟y͟
srū,slb'
bārag,bʾl
xar,hlbwc
āhūg,TYBA
pāzen,pʾcyn'
kākom,kʾkwm
sanǰāb,sncʾp̄
xaz,hz
bīš,byš
mīr,YMYT
dāhīhist,YHBWNt'yhst'
xwarād,OŠTENyʾt'
rasād,YHMTWNʾt'
ī,ydy
hār,hʾl
magōbēs,mkwkpӯs'
drayāb,dldʾʾp̄'
gaz,gyc
hambūs,hmbw's
šawāg,šwbʾk'
dahān,PWME'
dandān,KKA
pestān,pystʾn
parwarēn,plwlyn'
waččag,bckʾ
niyōxšīd,ndwhšyt'
rōy,lw'd
srub,slwp
almās,ʾlmʾs
dahīhist,YHBWNyhyt'
rēbās,lypʾs
mašē,mšyy
mašyānē,mšʾn'yӯ
āwurd hēnd,YHYTYWNt' HWE'd
bašn,bšn'
ham,hmyhyg'
bašn,bšn
dād,YHBWNt' YKOYMWNyt
wašt hēnd,wšt' HWE'd
ēwēn,ʾdwynk
panǰ,ʾp̄yӯ
urwāzišt,ʾwlwʾzyšt'
buland,wln'ḏ
dād,YHWWNt'
abzāy,ʾp̄zʾdyn
tāft,hp̄tn
rōšnēnīdan,lwšnynytn'
suft,swptn
ayārdēnīdan,ʾyʾltynyt'
škōf,škwp
pazzāft,pzʾp̄t
gōhrēnīd,gwhʾlynyt
tagarg,tḵlg
widāxt,wtʾhtn
tāft,wtʾp̄tn
srešk,slyšk'ʾ
andar,dyn'
xānag,BYTA
mēnōg,myn
tanīgardīh,tn'ykrtyh
paymōxt,ptmwht'
āhōgēn,ʾhwyn
petyār,pytydʾlyn
wānīd,ʾnytn
pāsbānēnīd,pʾsp̄ʾnynytn
ahlā,hlyӯ
pās,pʾsp
farrōbay,plwby
asnawand,ʾsnwnd
ādurbād,ʾtwr'pʾt
rēwand,lywnd
pušt ī wištāspān,pwšt' Y wštʾspʾn'
stī,sty
srēsōg,slswk'
škeft,š'ḵpt'
pāy,pʾdyy
dahīdag,dhytk'
gōhr,gwhly
baxšīhist,HTLKNyhst'
nišāst hēnd,YTYBWNst' HWE'd
mād,NKḆ
pidar,ABYtlʾ
dahibedīh,dhywptyh
hamwāz,hmwʾc
hamwāzīhist,hmwʾcyhst'
wardīhist,wltyhst'
spandarmad,sp̄d'rmt'
padīr,pt
spandarmad,sp̄drmt'
frāsyāb,plʾsyʾp̄'
ānīd,HYTNyn't
manuščihr,mʾnwšcyhl
anēr,ʾnyl
paymōxt dāšt,ptmwht' dʾšt'
frōgīhist,plwkyhst'
wisp,wsp̄ʾ
kust,kwstk
drahnāy,ʾdlhn'ʾd
frasang,plsmn
bast dāšt,bst' dʾšt'
zarr,zly
kustīg,kwstyk'
sīh ud se,30 W 3
baxt,HLKWNt
kanīg,knykʾ
spandarmad,sp̄dr'mt'
bast,bstk
taft,tpty
dēn,dtn
sad ud wīst ud hašt,100 W 20 W 8
pēš kē,LOYN MNW
nawāz,nwʾʾc
hērbed,hylptʾn
apahikārišn,ʾptkʾlšn'
brēhēnīd,blʾhynyt'
tūr,twlʾ
wēšag,wyšk'
dāšt ēstīd,dʾšt' YḴOYMWNyt
šnāhīhist,šnʾsyhst'
ērān,ʾylʾnʾ
dušwārtar,dwšp̄ʾltl
sāmān,sʾmʾn'
paydāgīh,pytʾk'yh
srīt,slyt'
pas,PWN
frayād,plydʾ
wāspuhr,ʾsp̄whl
ōzad,YKTLWNt
kāmist,YCBENst'
ōzanē,YKTWLWNy͟d͟y
wadagan,wtkn
gōw,YMRRWNy
ašnūd,ʾšnwt'
āgāhēnīd,ʾkʾsynyt'
ardīkkarīh,ʾltgʾlyhʾ
šaw,OZLWN'
ōzan,Y̱KTLWN'
hēm,HWE'm
abaxš,ʾp̄'hš
brīn,PSḴWN
abaxš,ʾp̄'h
dīd hēnd,HẔYTWNt' HWE'd
was,KBDʾ
wišād dāšt,wšʾt' dʾšt'
xrōst,hwlwst'
abaxšāy,ʾp̄'hšʾd
be,RA
škast,TBLWNt'
ašādīh,ʾštyh
āgāhēnīd,ʾkʾsynyt
ōzanēm,YKTLWNm
wizīrīd,wcylynyt'
tō,LK'
ōzanē,YKTLWNy͟d͟y
ma,OL
ahunsandīh,ʾhnsndyh
parīg,plyk'
ōzad,YKTLWNt'
darrīd,dlt'
čehel ud panǰ,40  5
frīnē,plyn'I
duγdag,dwktk'
xwānd,KRYTNt'
zād,Y̱LYDWNt'
widār,wtʾlʾ
payrōg,ptlwk'
baw,bw'
andar,GDE
mādar,AMYtlʾ
nibēg,npyḵ'
paydāgēnīd būd,pytʾkynyt' bwt'
abāz,LAWHLptwndšn'yh
ōšmurišnīh,ʾwšmwlšn'yh
pōrušasp,pwlwšsp̄
piratrasp,pltlʾsp̄'
urwatasp,ʾʾw'lwtʾsp̄'
hēčatasp,hʾyctʾsp̄
čixšnūš,cyhšnwš
pētrasp,pytlsp̄'
arәǰaţaršu,aləcaṱalšu
xvarәδarә,xarәδarә
wēdišt,wʾydyšt'
āyazem,ʾyzym
frāh,flʾh
arγ,ʾlγ
duresraw,dwlslwb'
manušxwarnar,mʾnwšhwlnl
manušxwarēnāg,mʾnwšhwlynʾk'
manuš,mʾnwš
vīzīg,wyzyk'
arīk,ʾlyk'
sritak,slyt'k'
bitak,bytk'
frazušak,plzwšk'
zušak,zwšk'
fraguzag,plgwzḵ'
gūzag,gwzḵ'
ēriǰ,ʾylyc'
asfiyān,ʾspydʾn'
wiwanghān,wywnghʾn'
ayanghān,ʾynghʾn'
ananghān,ʾnnghʾn
frawāg,plwʾk'
syāmak,sydʾmk'
mašē,mʾš
tab,tp'
wād,wyt'
sad ud panǰāh,100 W 50'
frēstād hēnd,ŠD͟RWNt' HWE'd
šān,š
mēnōg,my
tab,tp
awištābīhist,ʾwštʾp̄yhst
ǰādūg,yʾtyk
starag,stlk
ǰādūg,yʾtwk'
bezešktom,b'cšk'twm
kardan,krtn'+š
āxist,ʾhst'
ēstād,ystʾt
bēšazēnīdār,byšznytʾl
rōγn,MYSYA
tāb,wtʾc'
zahag,zhk'
did,TW'B
frēstād,ŠD͟RWNt'
zūr,zwʾlʾ
ayāft hēm,ʾyʾp̄t' HWE'm
čē,MN
frāy,plʾyy
pahikaf,ptkw
kōxšīd hēnd,kwhšyt HWE'd
mādag,mʾtk'
payrōg,ptlwk
payrōgīhist,ptlwk'yhst
ayāft hēnd,ʾyʾp̄t' HWE'd
hē,HWEyy͟d͟y
šawē,OZLWNy͟d͟y
frēb,plyp̄
wardān,wltʾn
mad būd,mt' bwt'
āmad,YATN
xandīd,hndyt
brāz,blʾcš
wēnīhist,HẔYTNyhst'
griy,glʾyyn'
tarsīd hēnd,tlsst' HWE'd
pōrušasp,pwlw'šsp̄'
dāšt hēnd,dʾšt HWE'd
griy,BḴYWNyn
xand,GHBHNyn
pāsoxēnīd,pʾshw'ynyt'
griyist,glʾyyyst
dīd,HẔYTWN
xandīd,hndʾštn
hamēstār,hmystʾlʾn
karb,klpʾ
usixš,ʾwyš
xwarrah,wylynʾngʾstʾlyš
xwarrah,wylynʾngʾstʾlʾn
kuxrid,kwhlyt'
manušak,mʾnwšk'
xwāhar,AHTEl
brādrōxš,blʾtlwhš
brādrōyišn,blʾtlwyšn'
tūr ī brādrōxš,twl Y blʾtlwhš
āzān,ʾzʾn
wadast,wsmn
tūr ī brādrōxš,tl Y blʾtlwhš
pōrušasp,pwlwšsp̄'
ratuštar,ltwštl
ranguštar,lngwštl
watrigā,wtlygʾd
windatš,wyndtš
pēšēmāl,pyšymʾlʾ
pasēmāl,psymʾlʾ
hammōzād,hmwcʾt'
kun,kwnš
gōwīhist,YMRRWNyhst'
warzkardīh,wlckrt'yh
yazad,yẕdt'y
wēnīhist,HẔYTWNyhyt'
niger,nḵyl
daxšag,dʾhk'
pus,BRM
pēš ī,pyš Y
pēčīd,pcyt
ōzanīhād,YKTLWNyhʾt'
wišayg,wšyk
abīm,ʾybym
pāsbānēnīd,pʾsʾn'ynyt'
spandarmad,sp̄dr'mt
ardwīsūr,ʾlḏywswl
huškīd,hwšk
gyān,dyn'
it,t'
stad,YNSḆWNyt
abgand,ʾp̄gnd
ramag,lmk'
nazd,nz
be,BRAd
sad ud panǰāh,100  50
az,ʾʾ
ēsm,CYBA
wizīnīhist,wcynyhst'
āsift,ʾsp̄'t'
sōxt,swht'
passāxt,psʾht'
āšyān,ʾšdʾ
abganīhist,LMYTWNyhst'
kāmist,kʾmyst'
wīst ud čahār,20  4
pestān,pystʾn'
gōhrag gōhrag,gwhlk' gwhlk'
bām,bʾ
āwurd,YHYT'YWNt
dawīd,LHTWNyt
handēšīd,hndšyt'
ǰūd,ywt'
padē,ptʾӯ
deh,mt'
rāγ,lʾγ
nōdar,ntl
ādurbād,ʾtwr'pʾtk
mōγān,mynwgʾn'c
čiyōn,ygwn
čēst,cyst'
arγ,ylc'
duresraw,dwlyslwb
nōdar,nwtl
manuščihr,mʾnšcl
dagr,LAYK
pāsoxēnīd,pʾshwynyt'
stōwīhā,stwbyhʾ
ōft,ʾwpt'yn
ā,ʾm
kišwar,kyšwlʾny
kabāh,kpʾh
ē,Y
šud,OZLNt'
tūr ī brādrōxš,twl blʾtlwhš
nihumbīhist,nhwmbyhst'
ayābist,ʾyʾp̄st'
zāyēnīdārān,Y̱LYDWNynytʾlʾn
āfrāh,ʾp̄lʾsʾ
wāng,KALAy
āsrōn,ʾslwn'
wāstaryōš,wwʾstlywš
wināhīd,wnʾsy
rawē,SGYTWNӯ
bēšāzēn,byšʾcynyn
zarduxšt,zlthšt'
wardyūn,wltywn
bast,bst'
šud,OZLWNyt'
brādar,blʾtlʾ
ǰāmag,yʾmk'
stad,YNSḆWNy͟t
mist,myst'
ēd ī,ʾy Y
pus,BRE'
wardād,wltʾt'
dahē,YHBWNy͟d͟y
sūd,yswt'
abzāyēnīd,ʾp̄zʾdynytn
duresraw,dwlyslwb'
yazēm,YḎBHWNm
pōrušasp,pwlwšʾsp̄'
wāz,ʾ
šān,šdʾn'
pahikāft,ptkʾp̄t'
rēxt,lyht
ahlaw,ʾhlwb'ʾ
hilē,hlʾӯ
abgand hēm,ʾp̄gnd HWE'm
aš,ʾš
murnǰēnēm,mlncynym
dōysar,dwysl
nigerēm,nkylym
čērīhist,cylyhyt'
āšuft,ʾšwpt'
šud būd,OZLWNt' YHWWNt'
murd,YMYTWNt'
pad ham gyāg,PWN hm gywʾk
pusar,BRElʾ
xwāst hēnd,BOYHWNst' HWE'd
baxt hēnd,HLKWNt HWE'd
dō,dw'
bār,bʾʾl
parwānag,plwʾnkʾ
abaxšīdār,ʾp̄'hšytʾl
bārestān,wʾlystʾn
brahnag,blyhʾnk'
han,hʾn
xwānd,kRYTNt'
han,hʾn'
abādyāwand,ʾp̄ʾtydʾwnd
mad būd hēnd,mt' YHWWNt' HWE'd
widārd hēnd,wtʾlt' HWE'd
wāstar,wwʾstl
hambārd ēstād,hnbʾlt' yst'ʾt
sāl,dʾl
gurs,gwls
ēk ān ī did,ʾywk' ZK Y TWḆ
hišt,ŠḆKNt͟
akāmagīh,ʾkʾmk'yh
urwēdōdah,ʾwlwytwdẖ
jām,yʾ
āhan,ʾsn'y
nān,LHMAy
waččag,bck'
zād ēstād,Y̱LYDWNt' ystʾt'
stard,st'lt'
murd būd,YMYTNt' bwt'
wizīnīh,wckyh
kām,kʾmk
gumēxt,gwmyhtn
nimāyē,nmʾdʾӯ
čihr,chl
wēnād,HẔYTWNʾt
šnāsīhād,šnʾsʾʾt'
waččag,b'ck
xwāy,hwʾd
grōh,glwʾh
parward,plwltn
wāstar,wʾstl
wāstarēnīd,wʾstlynyt'
hunīd,hwnyt'
hagriz,hk'lc'
yašt hēnd,yšt' HWE'd
sāl,s
sāl,ŠNTk'
wahār,whʾl
raft ēstād,SGYTWNt' YKOYMWNʾt'
xuft,hwpt'
mēdyōmāh,mytywmʾh
ārāstāy,ʾlʾstʾʾ
ārāstāy,ʾlʾst'ʾy
pēšōbāy,pyšwpʾ
būd,bwtn'
harwisp,hwlwst'
hāxt,hʾhtyn
bāmdād,bʾmdʾt'
hunīd,hwnyt
būd ēstād,bwt' YKOYMWNʾt
zānūg,ẕʾnwk'
pōšīd,pwšyt'
brāzyāg,blʾcdʾk'
wizīmag,wcymk'
paymōzan,ptmwcn
abrēšōm,ʾp̄lyšwm
brīn,b'lyn'
darz,dlc
passoxēnīd,pshwynyt'
warzēm,wlc'm
čand,cnd'
nawad,dšk
nawad,sšk'
šud būd,OZLWNt' bwt'
sāyag,sʾdk'
madān,mtʾn'
namāz,nmʾc'
frašn,plšn'
tan,tn'ʾ
hūxt,hw'ht'
weh,SLY
harwispīn,hlwsp̄yn
harwispīn,hlwsp̄yn'
dōšīd,dwšyt'
dōš,dwšy
naxust,nhwsty
ēst,ӯs
dō,2'
warr,LWBWŠYA
nihuft dāšt,nhwpt' dʾšt'
padisārīg,ptsʾlyk
paydāgīhist,pytʾk'yhst'
rēzīhist,lycyhyt'
afsard,ʾp̄slt'
stad,YNSḆWNt͟y
ast,ʾst'ʾ
kārd,SKYNA
tazīd,tcytn
mālīhist,mʾlyhst
brīn,PWN kwn
dāitī,dʾytʾӯ
pad ō,PWN yw'
gar,gl'
usind,ʾw'snd
wišāyīhist,ŠLYTNyhst'
āb,ʾp̄ʾr
arazwāy,ʾlzwʾy
kākom,kʾkwmk'
wāy,ʾ
karšift,klšsp̄t'
sēn,sn'
abārīg,ʾp̄yk'
rāh,rʾs
čarag,clk
xar,hlbwc'
ēwēn,ʾdwynk'
gumārd hēnd,gwmʾlt' HWE'd
ham,ym
ōšmurēnd,ʾwšmwlynd
azadārīh,ʾztʾlyh
abēšīdārīh,ʾbyšytʾlyh
tazān,t'cʾn'
šnāyēnīdārīh,šnʾdynytʾlyh
nimāyīhist,nmyhst'
šahrewar,štryw
ayōxšust,ʾywkšwst
srāg,slʾḵ
rōstāg,lwtstʾk'
mōγān,mgwʾn
zay,zydȳ
abzār,ʾp̄zwʾl
handarzēnīd,hndlcynyt'
spandarmad,sp̄ndrmty
awestām,ʾwstymʾ
abāy,ʾp̄ʾd
pad,P
gar,ʾgls
damandān,dmnnʾn
xānīg,hʾnyk'
asnawand,ʾdnwd
deh deh,MTA MTA
rōstāg rōstāg,lwtstʾk' lwtstʾk'
awestām awestām,ʾwstʾm#ʾwstʾm
mowbed,mgwpt'
moγān,mynwḵʾn
mowbed,mgwptʾ
šaš,šš'
zrēh,zlhʾ
asnawand,ʾsnwd
purs,p
zbār,zbʾl
zamestān,ẕmystʾn'
nimāyīhist,nmʾyhst'
ē,10
ārāstāy,ʾlʾstʾy
ayāft,ʾʾp̄t
hāxt,hʾht'
rōz,lwcʾ
hāxtē,hʾhtyh
āxēz,ʾhc'
hāxt,hʾht
apetītīgīh,ʾptytykyh
zanīh,MHYTNyh
az pēš ī,MN LOYN' Y
daxšagēnīd,dhʾkynyt'
wištāsp,wštʾsp̄''
kawīg,kwyk
hamēstār,hmystʾ
sīh ud se,30  3
bast,bstk'
waxš,hš
wēnīhist,HẔYTWNyhst'
gōw,gwbš
nay,KNYAs
hūg,HZWLA
warāz,wlʾc'
kawīg,kwyk'
kundā,kwndʾ
wardag,wltk'
kawīg,kwykʾ
hunēm,hwnym
ōrōštār,ʾwlwštʾlʾ
čehel ud haft,40 7
haftād ud haft,70 W 7
wihēzag,wyhck'
barīhist,YḆLWNt͟yyhst'
šast ud se,40 3
frašōštar,plšwštʾl
šast ud čahār,60 4
mōwbedān,mgwptʾn
mōwbed,mgwpt'
haftād ud se,70 3
hangōruš,hngʾwlwš
haštād,80
āsmōxwanwant,ʾsmwkhwnt'
wišābag,wšsp̄ʾӯ
axt,ʾht'
ōzanīh,YKTLWNyh
duxt,BRE
frēn,plyn'
ahlawstūd,ʾhlwb'stwt'
wohunēm,whnʾm
sēn,šyn'
āšōbīh,ʾšw'pyh
čāšt,cʾšt'
apahikār,ʾptkʾl
adādestānīhā,ʾdʾtstʾnyhʾ
rawānd,SGYTWNʾnd
dādestān,dʾtstʾnʾw
abgan,ʾp̄gyn
zīndag,zyndḵʾ
payrānīdag,ptlʾnytk'
wizīn,wcyn
az,ʾ
adahišnīh,ʾdhšn'yh
hammōz,ALPWN
šnāxt,šn''ʾhtn
kustīg,kwstk
čahār,7
zahag,zhʾk'
āb,AYT'
wād,ʾt'
kālbod,kʾlpwt'ʾ
passāzīhist,psʾcyhst'
yōǰdahrēnīd,ywšdʾslynyt'
hidr,hydl
wināh,wnʾk
čihr,cyhlʾ
passāzīhānd,psʾʾcyhʾnd
hubōy,hwbd
kišt,ZLYT
pazzāft,pzʾp̄tn
saz,scʾ
kōšīd,kwšyt
xwēš,hwyškʾlyh
wināh,wnʾ
dušsraw,dwšslwb
xwēš,hwyšʾ
dušsraw,dwšslwb'
dušsrawēnīd,dwšslwbynyt
appurd,YYNCLWNt
bazakkarān,bckḵlʾn'
nihād,HNHTNt
ahōšīhā,ʾywšyhʾ
baz,b'c
čiyōn,ʾp̄dʾn'
gāhān,gʾšʾn
nask,nskʾ
hādamānsar,hʾtmʾn
baxšīhist,HLKWNyhyt'
ahunawar,ʾhwnwl
gāhān,gʾšʾn'
ahunawad,ʾhnwt'
uštwad,ʾsnnwt'
spandmad,sp̄drmt'
wohuxšatr,whwhštl
wahištōišt,whštwšt'
gāhān,dʾšn'
xwānīh,KRYTWNyh
hādamānsar,hʾtmʾnsl
purr,pwl Y dhšk#ʾlʾstʾl
pačēn,pʾcyn'
ratuštāiti,ltwšt'ʾyt'ʾӯ
daxšag ī weh,dhšk' Y wyh
hādamānsar,hʾt'mʾnsl
ast,ʾytwn'
widēwdād,wytdʾtn'
baxšīhist,HKWNyhst'
wīst ud ēk,20 1
gāhān,gʾšn'
yānimman,yʾnymn'
ēryaman,ʾylmn'
sad ud haštād ud hašt,100 80 W 8
wičist,wycyst'
sad ud haštād ud hašt,100 80 8
xīr,C
rad,lty
pahikār,ptʾ
zaxm,zʾhmy
zaxm,zʾhm
stōr,stl
fšuš,pšwš
hōrestān,hwlystʾn'
kār,ZLYTN
war,wlys
hazār ud šāzdah,1000 W 16
hazār ud ēk,1000#ʾywk'
fragard,plglt'
ēryaman,ʾylymn'
glīm,glym
pāy,NNTLW
garm,glym
baxšīhist,HLKNyhst'
hazār ud šaš,1000 6
sad ud šast ud šaš,100 60 6
brīd,blyt
mārīg,mʾlyk'
sadōzem,stwkzm
wōiγn,wwg OL
sarmāg,slmʾk'
wōiγn,wwyγn
wōiγn,wwyγ
wōiγn,wyγn
ašwahišt,ʾšwhšt'
hamwāz,hmwʾc'
ēryaman,ʾylymn
wīst ud čahār,20 W 4
zādisparam,zʾtsp̄lm
passāz,psʾc
passāz,psʾ
gil,TYNA
waxšēnīd,whšynyt
waxšēn,whšyn
paydāgēn,pytʾk'yn
rāg,lʾγ
rōz,lwcyn
wišāy,ŠLYTN
rāzkirrōg,lʾc' y ḵylwk'
dēs,dʾ
gumbad,gwmb't'
nišānānd,YTYBWNʾnd
ēd rāy čē,HNAd lʾd ME
tab,
rasēn,YHMTWNyn
srāy,slʾk
dīdārīh,dytʾlyh
afsar,ʾp̄slyn
gumbad,gwmbt'
awēnābdāg,ʾwynʾp̄tʾk
gyān,HA
rāg,lʾkʾ
widāxt,wtʾht
rōz,lwcn
wēnīg,wynykʾ
ašnaw,ʾšwʾ
pahrmāh,ptlmʾ
ǰumb,ywmb
ēwēnag,ʾdwynyk
paymān,ptmʾny
dēg,wwdyg'
sāxt,sʾhtn
dēg,dyk
gīrīh,OHDWNynyh
kumīg,kwmyk'
tābīh,tʾp̄yh
zōr,zwʾlʾ
āhanǰ,ʾhnc
rāg,lʾk p
rawēn,SGYTWNyn
anabāyišnīg,ʾnʾp̄ʾdšnyk
axwardārīh,ʾhwltʾlyh
gyān,yʾny
afsard,ʾp̄sltn
rāyēnīd,lʾdynytʾl
bun,bwndʾš
bērōnīh,bylwn'yh
xīr,CBWʾ
wigrād,wglʾ
waxšīd,whšy
waxšīd,whšyt
nazdīk,nzdyḵ'
ēstīd,YKOYMWNyt
gētīg,gytyk
passāz,psʾʾc
waxšēnīd,wʾhšynyt
tan,PWN
āfur,ʾp̄wl
mēnōg,mynwḵy
wāspuhr,wʾsp̄whl
ačārīg,ʾcʾlyk'
dān,dh
xwāst,hwʾstʾ
homānāg,hwmʾnʾ
nišān,yšʾn
karg,ḵlg
srū,slwb'
nīd,DḆLWNt͟
šahr,štr'y
dēwār,dywdʾl
pahikar,ptkʾl
nigārd,kʾlt'
asmān,ʾsmʾny
spihr,sp̄'yhl
čahār,3
tanīgardīg,tn'ykrtyk
tōf,twp'
uspurrīgīhist,ʾwsp̄wlykyhst'
rāg,lʾk
rāg,lʾk'
niyāzīhist,nydʾc'yhst'
bay,bk'
frasp,plsp̄'
anāhīd,ʾnʾhyt'
nigār,knʾl
mōy,mwḏ
pay,pʾdy
nēm,PRG
mādag,mʾt'k
blagm,ḇlgm
xwēd,hwyt'
gōn,gwn'
zahr,zhl
trufš,wtlwpš
spul,sp̄wl
āmēz,ʾm
ayārd,ʾyʾlt
kōb,kwp'
suš,ʾywš
gōhrēn,gwhʾlyn
zahr,zh
tēz,tyc'
bāstān,bʾstʾn
spul,sp̄whl
afsānīh,ʾp̄sʾnyh
pas az ēn,AHL MN ẔNE
passāxt,psʾht''
būd,bwd
zāy,Y̱LYDN
hutuxš,hwthš
šharyār,štrydʾl
pēš,pyšk
grīw,glyw'd
āmēxt,ʾmyht
awzār,ʾwzwʾlʾ
taz,tcʾ
freh,plʾh
dam,gwb
xunak,hwn
